{
  "9836134e-b892-4283-b6b2-78b5acf3ed45": {
    "asset": 1619081025898,
    "meta": 1577083950000,
    "relativePath": "effects"
  },
  "430eccbf-bf2c-4e6e-8c0c-884bbb487f32": {
    "asset": 1577083950000,
    "meta": 1621928545595,
    "relativePath": "effects\\__builtin-editor-gizmo-line.effect"
  },
  "6c5cf6e1-b044-4eac-9431-835644d57381": {
    "asset": 1577083950000,
    "meta": 1621928545636,
    "relativePath": "effects\\__builtin-editor-gizmo-unlit.effect"
  },
  "115286d1-2e10-49ee-aab4-341583f607e8": {
    "asset": 1577083950000,
    "meta": 1621928545735,
    "relativePath": "effects\\__builtin-editor-gizmo.effect"
  },
  "abc2cb62-7852-4525-a90d-d474487b88f2": {
    "asset": 1577083950000,
    "meta": 1621928545802,
    "relativePath": "effects\\builtin-phong.effect"
  },
  "e2f00085-c597-422d-9759-52c360279106": {
    "asset": 1577083950000,
    "meta": 1621928545804,
    "relativePath": "effects\\builtin-toon.effect"
  },
  "f8e6b000-5643-4b86-9080-aa680ce1f599": {
    "asset": 1619080627526,
    "meta": 1577083950000,
    "relativePath": "image"
  },
  "e851e89b-faa2-4484-bea6-5c01dd9f06e2": {
    "asset": 1577083950000,
    "meta": 1621928548021,
    "relativePath": "image\\default_btn_normal.png"
  },
  "71561142-4c83-4933-afca-cb7a17f67053": {
    "asset": 1577083950000,
    "meta": 1621928548024,
    "relativePath": "image\\default_btn_disabled.png"
  },
  "edd215b9-2796-4a05-aaf5-81f96c9281ce": {
    "asset": 1577083950000,
    "meta": 1621928548063,
    "relativePath": "image\\default_editbox_bg.png"
  },
  "d81ec8ad-247c-4e62-aa3c-d35c4193c7af": {
    "asset": 1577083950000,
    "meta": 1621928548076,
    "relativePath": "image\\default_panel.png"
  },
  "b43ff3c2-02bb-4874-81f7-f2dea6970f18": {
    "asset": 1577083950000,
    "meta": 1621928548079,
    "relativePath": "image\\default_btn_pressed.png"
  },
  "99170b0b-d210-46f1-b213-7d9e3f23098a": {
    "asset": 1577083950000,
    "meta": 1621928548104,
    "relativePath": "image\\default_progressbar_bg.png"
  },
  "cfef78f1-c8df-49b7-8ed0-4c953ace2621": {
    "asset": 1577083950000,
    "meta": 1621928548108,
    "relativePath": "image\\default_progressbar.png"
  },
  "567dcd80-8bf4-4535-8a5a-313f1caf078a": {
    "asset": 1577083950000,
    "meta": 1621928548134,
    "relativePath": "image\\default_radio_button_off.png"
  },
  "9d60001f-b5f4-4726-a629-2659e3ded0b8": {
    "asset": 1577083950000,
    "meta": 1621928548144,
    "relativePath": "image\\default_radio_button_on.png"
  },
  "4bab67cb-18e6-4099-b840-355f0473f890": {
    "asset": 1577083950000,
    "meta": 1621928548154,
    "relativePath": "image\\default_scrollbar_bg.png"
  },
  "617323dd-11f4-4dd3-8eec-0caf6b3b45b9": {
    "asset": 1577083950000,
    "meta": 1621928548165,
    "relativePath": "image\\default_scrollbar_vertical_bg.png"
  },
  "d6d3ca85-4681-47c1-b5dd-d036a9d39ea2": {
    "asset": 1577083950000,
    "meta": 1621928548177,
    "relativePath": "image\\default_scrollbar_vertical.png"
  },
  "0275e94c-56a7-410f-bd1a-fc7483f7d14a": {
    "asset": 1577083950000,
    "meta": 1621928548190,
    "relativePath": "image\\default_sprite_splash.png"
  },
  "0291c134-b3da-4098-b7b5-e397edbe947f": {
    "asset": 1577083950000,
    "meta": 1621928548193,
    "relativePath": "image\\default_scrollbar.png"
  },
  "73a0903d-d80e-4e3c-aa67-f999543c08f5": {
    "asset": 1577083950000,
    "meta": 1621928548223,
    "relativePath": "image\\default_toggle_checkmark.png"
  },
  "6e056173-d285-473c-b206-40a7fff5386e": {
    "asset": 1577083950000,
    "meta": 1621928548233,
    "relativePath": "image\\default_sprite.png"
  },
  "c25b9d50-c8fc-4d27-beeb-6e7c1f2e5c0f": {
    "asset": 1577083950000,
    "meta": 1621928548271,
    "relativePath": "image\\default_toggle_disabled.png"
  },
  "d29077ba-1627-4a72-9579-7b56a235340c": {
    "asset": 1577083950000,
    "meta": 1621928548281,
    "relativePath": "image\\default_toggle_normal.png"
  },
  "5c3eedba-6c41-4c0c-9ba7-d91f813cbd1c": {
    "asset": 1619080627625,
    "meta": 1577083950000,
    "relativePath": "materials"
  },
  "c4480a0a-6ac5-443f-8b40-361a14257fc8": {
    "asset": 1577083950000,
    "meta": 1621928548290,
    "relativePath": "materials\\builtin-phong.mtl"
  },
  "fc09f9bd-2cce-4605-b630-8145ef809ed6": {
    "asset": 1619080627734,
    "meta": 1577083950000,
    "relativePath": "misc"
  },
  "b181c1e4-0a72-4a91-bfb0-ae6f36ca60bd": {
    "asset": 1577083950000,
    "meta": 1621928548302,
    "relativePath": "image\\default_toggle_pressed.png"
  },
  "db019bf7-f71c-4111-98cf-918ea180cb48": {
    "asset": 1619080628430,
    "meta": 1577083950000,
    "relativePath": "model"
  },
  "e39e96e6-6f6e-413f-bcf1-ac7679bb648a": {
    "asset": 1619080628370,
    "meta": 1577083950000,
    "relativePath": "model\\prefab"
  },
  "2be36297-9abb-4fee-8049-9ed5e271da8a": {
    "asset": 1577083950000,
    "meta": 1621928548313,
    "relativePath": "misc\\default_video.mp4"
  },
  "a87cc147-01b2-43f8-8e42-a7ca90b0c757": {
    "asset": 1619511211107,
    "meta": 1621928548339,
    "relativePath": "model\\prefab\\box.prefab"
  },
  "fe1417b6-fe6b-46a4-ae7c-9fd331f33a2a": {
    "asset": 1619511211129,
    "meta": 1621928548353,
    "relativePath": "model\\prefab\\capsule.prefab"
  },
  "b5fc2cf2-7942-483d-be1f-bbeadc4714ad": {
    "asset": 1619511211144,
    "meta": 1621928548368,
    "relativePath": "model\\prefab\\cone.prefab"
  },
  "1c5e4038-953a-44c2-b620-0bbfc6170477": {
    "asset": 1619511211153,
    "meta": 1621928548389,
    "relativePath": "model\\prefab\\cylinder.prefab"
  },
  "3f376125-a699-40ca-ad05-04d662eaa1f2": {
    "asset": 1619511211169,
    "meta": 1621928548398,
    "relativePath": "model\\prefab\\plane.prefab"
  },
  "6c9ef10d-b479-420b-bfe6-39cdda6a8ae0": {
    "asset": 1619511211177,
    "meta": 1621928548415,
    "relativePath": "model\\prefab\\quad.prefab"
  },
  "2d9a4b85-b0ab-4c46-84c5-18f393ab2058": {
    "asset": 1619511211191,
    "meta": 1621928548424,
    "relativePath": "model\\prefab\\sphere.prefab"
  },
  "de510076-056b-484f-b94c-83bef217d0e1": {
    "asset": 1619511213035,
    "meta": 1621928549419,
    "relativePath": "model\\prefab\\torus.prefab"
  },
  "f6e6dd15-71d1-4ffe-ace7-24fd39942c05": {
    "asset": 1619080628513,
    "meta": 1577083950000,
    "relativePath": "obsolete"
  },
  "8a96b965-2dc0-4e03-aa90-3b79cb93b5b4": {
    "asset": 1577083950000,
    "meta": 1621928549477,
    "relativePath": "obsolete\\atom.png"
  },
  "f743d2b6-b7ea-4c14-a55b-547ed4d0a045": {
    "asset": 1619080628599,
    "meta": 1577083950000,
    "relativePath": "particle"
  },
  "b8223619-7e38-47c4-841f-9160c232495a": {
    "asset": 1577083950000,
    "meta": 1621928550443,
    "relativePath": "obsolete\\atom.plist"
  },
  "b2687ac4-099e-403c-a192-ff477686f4f5": {
    "asset": 1577083950000,
    "meta": 1621928550444,
    "relativePath": "particle\\atom.plist"
  },
  "d0a82d39-bede-46c4-b698-c81ff0dedfff": {
    "asset": 1577083950000,
    "meta": 1621928549523,
    "relativePath": "particle\\atom.png"
  },
  "ae6c6c98-11e4-452f-8758-75f5c6a56e83": {
    "asset": 1619081026046,
    "meta": 1577083950000,
    "relativePath": "prefab"
  },
  "972b9a4d-47ee-4c74-b5c3-61d8a69bc29f": {
    "asset": 1619511213167,
    "meta": 1621928549585,
    "relativePath": "prefab\\button.prefab"
  },
  "897ef7a1-4860-4f64-968d-f5924b18668a": {
    "asset": 1619511213205,
    "meta": 1621928549602,
    "relativePath": "prefab\\camera.prefab"
  },
  "2c937608-2562-40ea-b264-7395df6f0cea": {
    "asset": 1619511213233,
    "meta": 1621928549634,
    "relativePath": "prefab\\canvas.prefab"
  },
  "27756ebb-3d33-44b0-9b96-e858fadd4dd4": {
    "asset": 1619511213293,
    "meta": 1621928549684,
    "relativePath": "prefab\\label.prefab"
  },
  "785a442c-3ceb-45be-a46e-7317f625f3b9": {
    "asset": 1619511213337,
    "meta": 1621928549721,
    "relativePath": "prefab\\layout.prefab"
  },
  "a3ee0214-b432-4865-9666-4a3211814282": {
    "asset": 1619081026026,
    "meta": 1577083950000,
    "relativePath": "prefab\\light"
  },
  "61aeb05b-3b32-452b-8eed-2b76deeed554": {
    "asset": 1619511213265,
    "meta": 1621928549726,
    "relativePath": "prefab\\editbox.prefab"
  },
  "61906da3-7003-4bda-9abc-5769c76faee4": {
    "asset": 1619511213385,
    "meta": 1621928549744,
    "relativePath": "prefab\\light\\ambient.prefab"
  },
  "ddb99b39-7004-47cd-9705-751905c43c46": {
    "asset": 1619511213430,
    "meta": 1621928549759,
    "relativePath": "prefab\\light\\directional.prefab"
  },
  "0cf30284-9073-46bc-9eba-e62b69dbbff3": {
    "asset": 1619511213467,
    "meta": 1621928549766,
    "relativePath": "prefab\\light\\point.prefab"
  },
  "ca8401fe-ad6e-41a8-bd46-8e3e4e9945be": {
    "asset": 1619511213550,
    "meta": 1621928549800,
    "relativePath": "prefab\\pageview.prefab"
  },
  "cd33edea-55f5-46c2-958d-357a01384a36": {
    "asset": 1619511213567,
    "meta": 1621928549824,
    "relativePath": "prefab\\particlesystem.prefab"
  },
  "f5331fd2-bf42-4ee3-a3fd-3e1657600eff": {
    "asset": 1619511213508,
    "meta": 1621928549830,
    "relativePath": "prefab\\light\\spot.prefab"
  },
  "5965ffac-69da-4b55-bcde-9225d0613c28": {
    "asset": 1619511213575,
    "meta": 1621928549835,
    "relativePath": "prefab\\progressBar.prefab"
  },
  "4a37dd57-78cd-4cec-aad4-f11a73d12b63": {
    "asset": 1619511213590,
    "meta": 1621928549857,
    "relativePath": "prefab\\richtext.prefab"
  },
  "32044bd2-481f-4cf1-a656-e2b2fb1594eb": {
    "asset": 1619511213598,
    "meta": 1621928549870,
    "relativePath": "prefab\\scrollview.prefab"
  },
  "0004d1cf-a0ad-47d8-ab17-34d3db9d35a3": {
    "asset": 1619511213617,
    "meta": 1621928549880,
    "relativePath": "prefab\\slider.prefab"
  },
  "96083d03-c332-4a3f-9386-d03e2d19e8ee": {
    "asset": 1619511213634,
    "meta": 1621928549884,
    "relativePath": "prefab\\sprite.prefab"
  },
  "1f55e3be-b89b-4b79-88de-47fd31018044": {
    "asset": 1619511213625,
    "meta": 1621928549910,
    "relativePath": "prefab\\sprite_splash.prefab"
  },
  "7de03a80-4457-438d-95a7-3e7cdffd6086": {
    "asset": 1619511213649,
    "meta": 1621928549918,
    "relativePath": "prefab\\tiledmap.prefab"
  },
  "0e42ba95-1fa1-46aa-b2cf-143cd1bcee2c": {
    "asset": 1619511213656,
    "meta": 1621928549923,
    "relativePath": "prefab\\tiledtile.prefab"
  },
  "0d784963-d024-4ea6-a7db-03be0ad63010": {
    "asset": 1619511213672,
    "meta": 1621928549952,
    "relativePath": "prefab\\toggle.prefab"
  },
  "bf0a434c-84dd-4a8e-a08a-7a36f180cc75": {
    "asset": 1619511213683,
    "meta": 1621928549964,
    "relativePath": "prefab\\toggleContainer.prefab"
  },
  "232d2782-c4bd-4bb4-9e01-909f03d6d3b9": {
    "asset": 1619511213707,
    "meta": 1621928550001,
    "relativePath": "prefab\\videoplayer.prefab"
  },
  "d1b8be49-b0a0-435c-83b7-552bed4bbe35": {
    "asset": 1619511213698,
    "meta": 1621928550005,
    "relativePath": "prefab\\toggleGroup.prefab"
  },
  "d8afc78c-4eac-4a9f-83dd-67bc70344d33": {
    "asset": 1619080631129,
    "meta": 1577083950000,
    "relativePath": "resources"
  },
  "294c1663-4adf-4a1e-a795-53808011a38a": {
    "asset": 1619080630695,
    "meta": 1577083950000,
    "relativePath": "resources\\effects"
  },
  "144c3297-af63-49e8-b8ef-1cfa29b3be28": {
    "asset": 1577083950000,
    "meta": 1621928550196,
    "relativePath": "resources\\effects\\builtin-2d-gray-sprite.effect"
  },
  "0e93aeaa-0b53-4e40-b8e0-6268b4e07bd7": {
    "asset": 1577083950000,
    "meta": 1621928550217,
    "relativePath": "resources\\effects\\builtin-2d-spine.effect"
  },
  "2874f8dd-416c-4440-81b7-555975426e93": {
    "asset": 1577083950000,
    "meta": 1621928550250,
    "relativePath": "resources\\effects\\builtin-2d-sprite.effect"
  },
  "c0040c95-c57f-49cd-9cbc-12316b73d0d4": {
    "asset": 1577083950000,
    "meta": 1621928550268,
    "relativePath": "resources\\effects\\builtin-clear-stencil.effect"
  },
  "8c5001fd-07ee-4a4b-a8a0-63e15195e94d": {
    "asset": 1619511213881,
    "meta": 1621928550301,
    "relativePath": "prefab\\webview.prefab"
  },
  "79eafaef-b7ef-45d9-9c3f-591dc836fc7a": {
    "asset": 1577083950000,
    "meta": 1621928550339,
    "relativePath": "resources\\effects\\builtin-unlit-transparent.effect"
  },
  "6d91e591-4ce0-465c-809f-610ec95019c6": {
    "asset": 1577083950000,
    "meta": 1621928550341,
    "relativePath": "resources\\effects\\builtin-unlit.effect"
  },
  "bbee2217-c261-49bd-a8ce-708d6bcc3500": {
    "asset": 1619080631109,
    "meta": 1577083950000,
    "relativePath": "resources\\materials"
  },
  "6f801092-0c37-4f30-89ef-c8d960825b36": {
    "asset": 1577083950000,
    "meta": 1621928550360,
    "relativePath": "resources\\materials\\builtin-2d-base.mtl"
  },
  "3a7bb79f-32fd-422e-ada2-96f518fed422": {
    "asset": 1577083950000,
    "meta": 1621928550364,
    "relativePath": "resources\\materials\\builtin-2d-gray-sprite.mtl"
  },
  "7afd064b-113f-480e-b793-8817d19f63c3": {
    "asset": 1577083950000,
    "meta": 1621928550373,
    "relativePath": "resources\\materials\\builtin-2d-spine.mtl"
  },
  "eca5d2f2-8ef6-41c2-bbe6-f9c79d09c432": {
    "asset": 1577083950000,
    "meta": 1621928550377,
    "relativePath": "resources\\materials\\builtin-2d-sprite.mtl"
  },
  "cf7e0bb8-a81c-44a9-ad79-d28d43991032": {
    "asset": 1577083950000,
    "meta": 1621928550385,
    "relativePath": "resources\\materials\\builtin-clear-stencil.mtl"
  },
  "2a296057-247c-4a1c-bbeb-0548b6c98650": {
    "asset": 1577083950000,
    "meta": 1621928550389,
    "relativePath": "resources\\materials\\builtin-unlit.mtl"
  },
  "954fec8b-cd16-4bb9-a3b7-7719660e7558": {
    "asset": 1577083950000,
    "meta": 1621928560926,
    "relativePath": "model\\primitives.fbx"
  },
  "b0ee6da4-e76c-4c56-baa8-0fc4875273ca": {
    "asset": 1621930172775,
    "meta": 1621928454115,
    "relativePath": "Animation"
  },
  "a475eee2-4794-4c87-ab2a-5b4538d10404": {
    "asset": 1621928454116,
    "meta": 1621928561187,
    "relativePath": "Animation\\bullet.anim"
  },
  "8d82e78a-04be-42e0-8893-b90f6bc2d45b": {
    "asset": 1621928454118,
    "meta": 1621928561190,
    "relativePath": "Animation\\enemy.anim"
  },
  "5c9f0f0b-ebd0-4c83-b116-e62e93608846": {
    "asset": 1621928454119,
    "meta": 1621928561198,
    "relativePath": "Animation\\idle.anim"
  },
  "630c507c-1604-40bf-9c90-ce0a8ac2a8b2": {
    "asset": 1621928454121,
    "meta": 1621928561202,
    "relativePath": "Animation\\reborn.anim"
  },
  "acd33ab7-9b9a-4c14-b74c-482dee22788b": {
    "asset": 1621928454138,
    "meta": 1621928454123,
    "relativePath": "Atlas"
  },
  "1ef41305-1149-408a-9fdf-a28faea587bd": {
    "asset": 1621928454122,
    "meta": 1621928561210,
    "relativePath": "Animation\\shoot.anim"
  },
  "6167e241-3580-4138-8186-a34995e73603": {
    "asset": 1621928454129,
    "meta": 1621928561519,
    "relativePath": "Atlas\\block.png"
  },
  "13aeab9c-443a-49de-baf8-85e8c0a79346": {
    "asset": 1621928454126,
    "meta": 1621928561527,
    "relativePath": "Atlas\\background.png"
  },
  "6ea32646-8cab-428a-8cde-9205ede4dcc8": {
    "asset": 1621928454130,
    "meta": 1621928561936,
    "relativePath": "Atlas\\bullet.plist"
  },
  "13fecd43-f661-4072-94b0-cd9e863bc9f4": {
    "asset": 1621928454133,
    "meta": 1621928561944,
    "relativePath": "Atlas\\enemy.plist"
  },
  "1b960438-2200-4dbb-bcac-86d5eeaccb1d": {
    "asset": 1621928454134,
    "meta": 1621928561567,
    "relativePath": "Atlas\\enemy.png"
  },
  "9ce85b3e-066f-4845-b2af-ed169937067a": {
    "asset": 1621928454132,
    "meta": 1621928561577,
    "relativePath": "Atlas\\bullet.png"
  },
  "34e782c4-dde3-40ae-a6d5-7db11a398e80": {
    "asset": 1621928454136,
    "meta": 1621928562030,
    "relativePath": "Atlas\\rockman.plist"
  },
  "5c450a4b-048a-4182-81c3-163f773d0e37": {
    "asset": 1621928454175,
    "meta": 1621928454139,
    "relativePath": "Prefab"
  },
  "d9062661-1a21-4b0c-8c0f-496698ebcc38": {
    "asset": 1621928454139,
    "meta": 1621928561593,
    "relativePath": "Prefab\\bullet.prefab"
  },
  "741e217d-9be4-4776-8d04-51f7defffa0f": {
    "asset": 1621928454141,
    "meta": 1621928561606,
    "relativePath": "Prefab\\enemy.prefab"
  },
  "6f62e8e0-4f51-43e1-a09d-c7154229f7bb": {
    "asset": 1621928454137,
    "meta": 1621928561616,
    "relativePath": "Atlas\\rockman.png"
  },
  "b6db297c-ea10-4a08-8da5-6e291803ef2d": {
    "asset": 1621928454170,
    "meta": 1621928561621,
    "relativePath": "Prefab\\enemyManager.prefab"
  },
  "0d4589dc-49a5-4963-845a-ef51a1108045": {
    "asset": 1621928454182,
    "meta": 1621928454178,
    "relativePath": "Scene"
  },
  "3d3a440f-6f38-404a-b6ca-ad79ab624efe": {
    "asset": 1621928454174,
    "meta": 1621928561629,
    "relativePath": "Prefab\\player.prefab"
  },
  "c95dec8d-541f-4f1b-aafe-ad938c3781a6": {
    "asset": 1621928454198,
    "meta": 1621928454184,
    "relativePath": "Script"
  },
  "aeed1f6e-e7f7-458b-bf63-74ef657fd563": {
    "asset": 1621928454186,
    "meta": 1621928561737,
    "relativePath": "Script\\Bullet.ts"
  },
  "e1c1f3d5-37ba-4141-8734-8b2c7bf652db": {
    "asset": 1621928454194,
    "meta": 1621928561788,
    "relativePath": "Script\\enemy.ts"
  },
  "92c57640-1fec-4b67-b203-3333a881d422": {
    "asset": 1621931656945,
    "meta": 1621931656968,
    "relativePath": "Scene\\rockmanDemo.fire"
  },
  "0b9080bb-f9dd-4998-93dc-15206655d5a7": {
    "asset": 1621928454196,
    "meta": 1621928561876,
    "relativePath": "Script\\enemyManager.ts"
  },
  "90676d0d-001d-495c-ad75-ae893e53d0ec": {
    "asset": 1621928454198,
    "meta": 1621928561901,
    "relativePath": "Script\\score.ts"
  },
  "cefd2afe-32a1-45c8-a1aa-bfaae7832a93": {
    "asset": 1621932917178,
    "meta": 1621932917241,
    "relativePath": "Animation\\move.anim"
  },
  "1700f053-8a32-4493-a11e-d72e8adb155f": {
    "asset": 1621930474555,
    "meta": 1621930474586,
    "relativePath": "Animation\\jump.anim"
  },
  "a7b80d70-b947-4273-8b5f-0fc76a4a0457": {
    "asset": 1621931301214,
    "meta": 1621931448413,
    "relativePath": "Script\\Player.ts"
  }
}