{
  "version": "1.1.1",
  "windows": {
    "main": {
      "main": true,
      "url": "app://editor/index.html",
      "windowType": "dockable",
      "x": -7,
      "y": -7,
      "width": 1454,
      "height": 866,
      "layout": {
        "type": "dock-h",
        "children": [
          {
            "width": 345.7578125,
            "height": 748.5,
            "type": "dock-v",
            "children": [
              {
                "width": 345.7578125,
                "height": 470.6796875,
                "type": "panel",
                "active": 0,
                "children": [
                  "hierarchy"
                ]
              },
              {
                "width": 345.7578125,
                "height": 274.8125,
                "type": "panel",
                "active": 0,
                "children": [
                  "assets"
                ]
              }
            ]
          },
          {
            "width": 345.7578125,
            "height": 748.5,
            "type": "panel",
            "active": 0,
            "children": [
              "inspector",
              "cocos-services"
            ]
          },
          {
            "width": 742.484375,
            "height": 748.5,
            "type": "dock-v",
            "children": [
              {
                "width": 742.484375,
                "height": 440.703125,
                "type": "panel",
                "active": 0,
                "children": [
                  "scene"
                ]
              },
              {
                "width": 742.484375,
                "height": 304.7890625,
                "type": "panel",
                "active": 0,
                "children": [
                  "console",
                  "timeline",
                  "game-window"
                ]
              }
            ]
          }
        ]
      },
      "panels": [
        "hierarchy",
        "assets",
        "inspector",
        "cocos-services",
        "scene",
        "console",
        "timeline",
        "game-window"
      ]
    }
  },
  "panels": {},
  "panelLabelWidth": {}
}
