{
  "__type__": "cc.AnimationClip",
  "_name": "ConveyorPlatform",
  "_objFlags": 0,
  "_native": "",
  "_duration": 0.35,
  "sample": 60,
  "speed": 1,
  "wrapMode": 2,
  "curveData": {
    "comps": {
      "cc.Sprite": {
        "spriteFrame": [
          {
            "frame": 0,
            "value": {
              "__uuid__": "7b2f99ee-1229-4f2f-928d-6270a6d7801c"
            }
          },
          {
            "frame": 0.08333333333333333,
            "value": {
              "__uuid__": "837e00a2-f483-4cbf-9dd9-ff5912754a4b"
            }
          },
          {
            "frame": 0.16666666666666666,
            "value": {
              "__uuid__": "42e5b2c5-6cec-424b-9adb-687a98c5774d"
            }
          },
          {
            "frame": 0.25,
            "value": {
              "__uuid__": "13de6c22-58fa-4376-8628-1f0c50fc8770"
            }
          },
          {
            "frame": 0.3333333333333333,
            "value": {
              "__uuid__": "7b2f99ee-1229-4f2f-928d-6270a6d7801c"
            }
          }
        ]
      }
    }
  },
  "events": []
}