{
  "9836134e-b892-4283-b6b2-78b5acf3ed45": {
    "asset": 1619081025898,
    "meta": 1577083950000,
    "relativePath": "effects"
  },
  "430eccbf-bf2c-4e6e-8c0c-884bbb487f32": {
    "asset": 1577083950000,
    "meta": 1621328932787,
    "relativePath": "effects\\__builtin-editor-gizmo-line.effect"
  },
  "6c5cf6e1-b044-4eac-9431-835644d57381": {
    "asset": 1577083950000,
    "meta": 1621328932821,
    "relativePath": "effects\\__builtin-editor-gizmo-unlit.effect"
  },
  "115286d1-2e10-49ee-aab4-341583f607e8": {
    "asset": 1577083950000,
    "meta": 1621328932908,
    "relativePath": "effects\\__builtin-editor-gizmo.effect"
  },
  "abc2cb62-7852-4525-a90d-d474487b88f2": {
    "asset": 1577083950000,
    "meta": 1621328932961,
    "relativePath": "effects\\builtin-phong.effect"
  },
  "e2f00085-c597-422d-9759-52c360279106": {
    "asset": 1577083950000,
    "meta": 1621328932964,
    "relativePath": "effects\\builtin-toon.effect"
  },
  "f8e6b000-5643-4b86-9080-aa680ce1f599": {
    "asset": 1619080627526,
    "meta": 1577083950000,
    "relativePath": "image"
  },
  "71561142-4c83-4933-afca-cb7a17f67053": {
    "asset": 1577083950000,
    "meta": 1621328933024,
    "relativePath": "image\\default_btn_disabled.png"
  },
  "e851e89b-faa2-4484-bea6-5c01dd9f06e2": {
    "asset": 1577083950000,
    "meta": 1621328933027,
    "relativePath": "image\\default_btn_normal.png"
  },
  "b43ff3c2-02bb-4874-81f7-f2dea6970f18": {
    "asset": 1577083950000,
    "meta": 1621328933042,
    "relativePath": "image\\default_btn_pressed.png"
  },
  "edd215b9-2796-4a05-aaf5-81f96c9281ce": {
    "asset": 1577083950000,
    "meta": 1621328933045,
    "relativePath": "image\\default_editbox_bg.png"
  },
  "d81ec8ad-247c-4e62-aa3c-d35c4193c7af": {
    "asset": 1577083950000,
    "meta": 1621328933057,
    "relativePath": "image\\default_panel.png"
  },
  "99170b0b-d210-46f1-b213-7d9e3f23098a": {
    "asset": 1577083950000,
    "meta": 1621328933060,
    "relativePath": "image\\default_progressbar_bg.png"
  },
  "cfef78f1-c8df-49b7-8ed0-4c953ace2621": {
    "asset": 1577083950000,
    "meta": 1621328933076,
    "relativePath": "image\\default_progressbar.png"
  },
  "567dcd80-8bf4-4535-8a5a-313f1caf078a": {
    "asset": 1577083950000,
    "meta": 1621328933073,
    "relativePath": "image\\default_radio_button_off.png"
  },
  "9d60001f-b5f4-4726-a629-2659e3ded0b8": {
    "asset": 1577083950000,
    "meta": 1621328933090,
    "relativePath": "image\\default_radio_button_on.png"
  },
  "4bab67cb-18e6-4099-b840-355f0473f890": {
    "asset": 1577083950000,
    "meta": 1621328933092,
    "relativePath": "image\\default_scrollbar_bg.png"
  },
  "617323dd-11f4-4dd3-8eec-0caf6b3b45b9": {
    "asset": 1577083950000,
    "meta": 1621328933104,
    "relativePath": "image\\default_scrollbar_vertical_bg.png"
  },
  "d6d3ca85-4681-47c1-b5dd-d036a9d39ea2": {
    "asset": 1577083950000,
    "meta": 1621328933107,
    "relativePath": "image\\default_scrollbar_vertical.png"
  },
  "0275e94c-56a7-410f-bd1a-fc7483f7d14a": {
    "asset": 1577083950000,
    "meta": 1621328933123,
    "relativePath": "image\\default_sprite_splash.png"
  },
  "0291c134-b3da-4098-b7b5-e397edbe947f": {
    "asset": 1577083950000,
    "meta": 1621328933120,
    "relativePath": "image\\default_scrollbar.png"
  },
  "73a0903d-d80e-4e3c-aa67-f999543c08f5": {
    "asset": 1577083950000,
    "meta": 1621328933140,
    "relativePath": "image\\default_toggle_checkmark.png"
  },
  "c25b9d50-c8fc-4d27-beeb-6e7c1f2e5c0f": {
    "asset": 1577083950000,
    "meta": 1621328933154,
    "relativePath": "image\\default_toggle_disabled.png"
  },
  "6e056173-d285-473c-b206-40a7fff5386e": {
    "asset": 1577083950000,
    "meta": 1621328933138,
    "relativePath": "image\\default_sprite.png"
  },
  "d29077ba-1627-4a72-9579-7b56a235340c": {
    "asset": 1577083950000,
    "meta": 1621328933151,
    "relativePath": "image\\default_toggle_normal.png"
  },
  "5c3eedba-6c41-4c0c-9ba7-d91f813cbd1c": {
    "asset": 1619080627625,
    "meta": 1577083950000,
    "relativePath": "materials"
  },
  "c4480a0a-6ac5-443f-8b40-361a14257fc8": {
    "asset": 1577083950000,
    "meta": 1621328933158,
    "relativePath": "materials\\builtin-phong.mtl"
  },
  "fc09f9bd-2cce-4605-b630-8145ef809ed6": {
    "asset": 1619080627734,
    "meta": 1577083950000,
    "relativePath": "misc"
  },
  "b181c1e4-0a72-4a91-bfb0-ae6f36ca60bd": {
    "asset": 1577083950000,
    "meta": 1621328933169,
    "relativePath": "image\\default_toggle_pressed.png"
  },
  "db019bf7-f71c-4111-98cf-918ea180cb48": {
    "asset": 1619080628430,
    "meta": 1577083950000,
    "relativePath": "model"
  },
  "e39e96e6-6f6e-413f-bcf1-ac7679bb648a": {
    "asset": 1619080628370,
    "meta": 1577083950000,
    "relativePath": "model\\prefab"
  },
  "2be36297-9abb-4fee-8049-9ed5e271da8a": {
    "asset": 1577083950000,
    "meta": 1621328933166,
    "relativePath": "misc\\default_video.mp4"
  },
  "a87cc147-01b2-43f8-8e42-a7ca90b0c757": {
    "asset": 1619511211107,
    "meta": 1621328933174,
    "relativePath": "model\\prefab\\box.prefab"
  },
  "fe1417b6-fe6b-46a4-ae7c-9fd331f33a2a": {
    "asset": 1619511211129,
    "meta": 1621328933176,
    "relativePath": "model\\prefab\\capsule.prefab"
  },
  "b5fc2cf2-7942-483d-be1f-bbeadc4714ad": {
    "asset": 1619511211144,
    "meta": 1621328933181,
    "relativePath": "model\\prefab\\cone.prefab"
  },
  "1c5e4038-953a-44c2-b620-0bbfc6170477": {
    "asset": 1619511211153,
    "meta": 1621328933183,
    "relativePath": "model\\prefab\\cylinder.prefab"
  },
  "6c9ef10d-b479-420b-bfe6-39cdda6a8ae0": {
    "asset": 1619511211177,
    "meta": 1621328933187,
    "relativePath": "model\\prefab\\quad.prefab"
  },
  "3f376125-a699-40ca-ad05-04d662eaa1f2": {
    "asset": 1619511211169,
    "meta": 1621328933189,
    "relativePath": "model\\prefab\\plane.prefab"
  },
  "2d9a4b85-b0ab-4c46-84c5-18f393ab2058": {
    "asset": 1619511211191,
    "meta": 1621328933194,
    "relativePath": "model\\prefab\\sphere.prefab"
  },
  "de510076-056b-484f-b94c-83bef217d0e1": {
    "asset": 1619511213035,
    "meta": 1621328933335,
    "relativePath": "model\\prefab\\torus.prefab"
  },
  "f6e6dd15-71d1-4ffe-ace7-24fd39942c05": {
    "asset": 1619080628513,
    "meta": 1577083950000,
    "relativePath": "obsolete"
  },
  "8a96b965-2dc0-4e03-aa90-3b79cb93b5b4": {
    "asset": 1577083950000,
    "meta": 1621328933349,
    "relativePath": "obsolete\\atom.png"
  },
  "f743d2b6-b7ea-4c14-a55b-547ed4d0a045": {
    "asset": 1619080628599,
    "meta": 1577083950000,
    "relativePath": "particle"
  },
  "b8223619-7e38-47c4-841f-9160c232495a": {
    "asset": 1577083950000,
    "meta": 1621328933661,
    "relativePath": "obsolete\\atom.plist"
  },
  "d0a82d39-bede-46c4-b698-c81ff0dedfff": {
    "asset": 1577083950000,
    "meta": 1621328933363,
    "relativePath": "particle\\atom.png"
  },
  "ae6c6c98-11e4-452f-8758-75f5c6a56e83": {
    "asset": 1619081026046,
    "meta": 1577083950000,
    "relativePath": "prefab"
  },
  "972b9a4d-47ee-4c74-b5c3-61d8a69bc29f": {
    "asset": 1619511213167,
    "meta": 1621328933368,
    "relativePath": "prefab\\button.prefab"
  },
  "897ef7a1-4860-4f64-968d-f5924b18668a": {
    "asset": 1619511213205,
    "meta": 1621328933372,
    "relativePath": "prefab\\camera.prefab"
  },
  "2c937608-2562-40ea-b264-7395df6f0cea": {
    "asset": 1619511213233,
    "meta": 1621328933377,
    "relativePath": "prefab\\canvas.prefab"
  },
  "61aeb05b-3b32-452b-8eed-2b76deeed554": {
    "asset": 1619511213265,
    "meta": 1621328933383,
    "relativePath": "prefab\\editbox.prefab"
  },
  "27756ebb-3d33-44b0-9b96-e858fadd4dd4": {
    "asset": 1619511213293,
    "meta": 1621328933387,
    "relativePath": "prefab\\label.prefab"
  },
  "b2687ac4-099e-403c-a192-ff477686f4f5": {
    "asset": 1577083950000,
    "meta": 1621328933662,
    "relativePath": "particle\\atom.plist"
  },
  "785a442c-3ceb-45be-a46e-7317f625f3b9": {
    "asset": 1619511213337,
    "meta": 1621328933391,
    "relativePath": "prefab\\layout.prefab"
  },
  "a3ee0214-b432-4865-9666-4a3211814282": {
    "asset": 1619081026026,
    "meta": 1577083950000,
    "relativePath": "prefab\\light"
  },
  "61906da3-7003-4bda-9abc-5769c76faee4": {
    "asset": 1619511213385,
    "meta": 1621328933395,
    "relativePath": "prefab\\light\\ambient.prefab"
  },
  "0cf30284-9073-46bc-9eba-e62b69dbbff3": {
    "asset": 1619511213467,
    "meta": 1621328933405,
    "relativePath": "prefab\\light\\point.prefab"
  },
  "f5331fd2-bf42-4ee3-a3fd-3e1657600eff": {
    "asset": 1619511213508,
    "meta": 1621328933410,
    "relativePath": "prefab\\light\\spot.prefab"
  },
  "ca8401fe-ad6e-41a8-bd46-8e3e4e9945be": {
    "asset": 1619511213550,
    "meta": 1621328933415,
    "relativePath": "prefab\\pageview.prefab"
  },
  "ddb99b39-7004-47cd-9705-751905c43c46": {
    "asset": 1619511213430,
    "meta": 1621328933400,
    "relativePath": "prefab\\light\\directional.prefab"
  },
  "cd33edea-55f5-46c2-958d-357a01384a36": {
    "asset": 1619511213567,
    "meta": 1621328933420,
    "relativePath": "prefab\\particlesystem.prefab"
  },
  "5965ffac-69da-4b55-bcde-9225d0613c28": {
    "asset": 1619511213575,
    "meta": 1621328933424,
    "relativePath": "prefab\\progressBar.prefab"
  },
  "4a37dd57-78cd-4cec-aad4-f11a73d12b63": {
    "asset": 1619511213590,
    "meta": 1621328933428,
    "relativePath": "prefab\\richtext.prefab"
  },
  "32044bd2-481f-4cf1-a656-e2b2fb1594eb": {
    "asset": 1619511213598,
    "meta": 1621328933433,
    "relativePath": "prefab\\scrollview.prefab"
  },
  "0004d1cf-a0ad-47d8-ab17-34d3db9d35a3": {
    "asset": 1619511213617,
    "meta": 1621328933437,
    "relativePath": "prefab\\slider.prefab"
  },
  "96083d03-c332-4a3f-9386-d03e2d19e8ee": {
    "asset": 1619511213634,
    "meta": 1621328933452,
    "relativePath": "prefab\\sprite.prefab"
  },
  "1f55e3be-b89b-4b79-88de-47fd31018044": {
    "asset": 1619511213625,
    "meta": 1621328933442,
    "relativePath": "prefab\\sprite_splash.prefab"
  },
  "7de03a80-4457-438d-95a7-3e7cdffd6086": {
    "asset": 1619511213649,
    "meta": 1621328933456,
    "relativePath": "prefab\\tiledmap.prefab"
  },
  "0e42ba95-1fa1-46aa-b2cf-143cd1bcee2c": {
    "asset": 1619511213656,
    "meta": 1621328933459,
    "relativePath": "prefab\\tiledtile.prefab"
  },
  "0d784963-d024-4ea6-a7db-03be0ad63010": {
    "asset": 1619511213672,
    "meta": 1621328933463,
    "relativePath": "prefab\\toggle.prefab"
  },
  "bf0a434c-84dd-4a8e-a08a-7a36f180cc75": {
    "asset": 1619511213683,
    "meta": 1621328933467,
    "relativePath": "prefab\\toggleContainer.prefab"
  },
  "232d2782-c4bd-4bb4-9e01-909f03d6d3b9": {
    "asset": 1619511213707,
    "meta": 1621328933498,
    "relativePath": "prefab\\videoplayer.prefab"
  },
  "d1b8be49-b0a0-435c-83b7-552bed4bbe35": {
    "asset": 1619511213698,
    "meta": 1621328933479,
    "relativePath": "prefab\\toggleGroup.prefab"
  },
  "d8afc78c-4eac-4a9f-83dd-67bc70344d33": {
    "asset": 1619080631129,
    "meta": 1577083950000,
    "relativePath": "resources"
  },
  "294c1663-4adf-4a1e-a795-53808011a38a": {
    "asset": 1619080630695,
    "meta": 1577083950000,
    "relativePath": "resources\\effects"
  },
  "144c3297-af63-49e8-b8ef-1cfa29b3be28": {
    "asset": 1577083950000,
    "meta": 1621328933514,
    "relativePath": "resources\\effects\\builtin-2d-gray-sprite.effect"
  },
  "0e93aeaa-0b53-4e40-b8e0-6268b4e07bd7": {
    "asset": 1577083950000,
    "meta": 1621328933526,
    "relativePath": "resources\\effects\\builtin-2d-spine.effect"
  },
  "2874f8dd-416c-4440-81b7-555975426e93": {
    "asset": 1577083950000,
    "meta": 1621328933535,
    "relativePath": "resources\\effects\\builtin-2d-sprite.effect"
  },
  "c0040c95-c57f-49cd-9cbc-12316b73d0d4": {
    "asset": 1577083950000,
    "meta": 1621328933550,
    "relativePath": "resources\\effects\\builtin-clear-stencil.effect"
  },
  "8c5001fd-07ee-4a4b-a8a0-63e15195e94d": {
    "asset": 1619511213881,
    "meta": 1621328933502,
    "relativePath": "prefab\\webview.prefab"
  },
  "79eafaef-b7ef-45d9-9c3f-591dc836fc7a": {
    "asset": 1577083950000,
    "meta": 1621328933566,
    "relativePath": "resources\\effects\\builtin-unlit-transparent.effect"
  },
  "6d91e591-4ce0-465c-809f-610ec95019c6": {
    "asset": 1577083950000,
    "meta": 1621328933585,
    "relativePath": "resources\\effects\\builtin-unlit.effect"
  },
  "bbee2217-c261-49bd-a8ce-708d6bcc3500": {
    "asset": 1619080631109,
    "meta": 1577083950000,
    "relativePath": "resources\\materials"
  },
  "6f801092-0c37-4f30-89ef-c8d960825b36": {
    "asset": 1577083950000,
    "meta": 1621328933603,
    "relativePath": "resources\\materials\\builtin-2d-base.mtl"
  },
  "3a7bb79f-32fd-422e-ada2-96f518fed422": {
    "asset": 1577083950000,
    "meta": 1621328933608,
    "relativePath": "resources\\materials\\builtin-2d-gray-sprite.mtl"
  },
  "7afd064b-113f-480e-b793-8817d19f63c3": {
    "asset": 1577083950000,
    "meta": 1621328933613,
    "relativePath": "resources\\materials\\builtin-2d-spine.mtl"
  },
  "eca5d2f2-8ef6-41c2-bbe6-f9c79d09c432": {
    "asset": 1577083950000,
    "meta": 1621328933619,
    "relativePath": "resources\\materials\\builtin-2d-sprite.mtl"
  },
  "cf7e0bb8-a81c-44a9-ad79-d28d43991032": {
    "asset": 1577083950000,
    "meta": 1621328933622,
    "relativePath": "resources\\materials\\builtin-clear-stencil.mtl"
  },
  "2a296057-247c-4a1c-bbeb-0548b6c98650": {
    "asset": 1577083950000,
    "meta": 1621328933630,
    "relativePath": "resources\\materials\\builtin-unlit.mtl"
  },
  "954fec8b-cd16-4bb9-a3b7-7719660e7558": {
    "asset": 1577083950000,
    "meta": 1621328935695,
    "relativePath": "model\\primitives.fbx"
  },
  "39c0c26f-77fd-4750-991b-013923cab544": {
    "asset": 1621323301058,
    "meta": 1621323301049,
    "relativePath": "Animations"
  },
  "1dc1c633-01b3-4007-8f88-5b9ab7a492d5": {
    "asset": 1621323301051,
    "meta": 1621323771297,
    "relativePath": "Animations\\ConveyorPlatform.anim"
  },
  "4c552522-975a-4291-9208-9bbd9b5483be": {
    "asset": 1621323301055,
    "meta": 1621323771300,
    "relativePath": "Animations\\gather.anim"
  },
  "2bc24a5f-bfe5-4d90-95b8-7f7468d196bc": {
    "asset": 1621323301054,
    "meta": 1621323771305,
    "relativePath": "Animations\\Trampoline.anim"
  },
  "3925f425-5546-4bb0-8c3d-27b2466cb5ec": {
    "asset": 1621323301057,
    "meta": 1621323771307,
    "relativePath": "Animations\\walk.anim"
  },
  "9c85cc10-0d77-4480-86a2-f81016d0f6d4": {
    "asset": 1621323301070,
    "meta": 1621323301059,
    "relativePath": "Atlas"
  },
  "379b9e63-c150-4bc6-b2d2-e84738100812": {
    "asset": 1621323301060,
    "meta": 1621323771782,
    "relativePath": "Atlas\\effect.plist"
  },
  "2139fdd5-3abf-4333-b308-138c2170fa09": {
    "asset": 1621323301063,
    "meta": 1621323771820,
    "relativePath": "Atlas\\platform.plist"
  },
  "05669c25-2001-47d0-81dc-b205fe784aa4": {
    "asset": 1621323301062,
    "meta": 1621323771329,
    "relativePath": "Atlas\\effect.png"
  },
  "2a6b53f3-125f-4b32-906e-5e4adac3574d": {
    "asset": 1621323301065,
    "meta": 1621323771339,
    "relativePath": "Atlas\\platform.png"
  },
  "f1a8c24d-bbdb-47e4-b2a6-2405958c67bd": {
    "asset": 1621323301066,
    "meta": 1621323771854,
    "relativePath": "Atlas\\player.plist"
  },
  "79af84ff-74aa-4357-b7e7-81c67143a51e": {
    "asset": 1621323301133,
    "meta": 1621323301070,
    "relativePath": "Audios"
  },
  "25cedc55-2c76-41ec-bcdb-5e32cea616ce": {
    "asset": 1621323301069,
    "meta": 1621323771347,
    "relativePath": "Atlas\\player.png"
  },
  "fa18b8ec-97a3-4381-b037-28a5781d0c54": {
    "asset": 1621323301123,
    "meta": 1621323771353,
    "relativePath": "Audios\\conveyor.wav"
  },
  "f888a7db-6ffc-496b-933a-528b52293b44": {
    "asset": 1621323301127,
    "meta": 1621323771360,
    "relativePath": "Audios\\die.wav"
  },
  "19bafc94-6bdd-4473-b17b-13c8ce626aa2": {
    "asset": 1621323301129,
    "meta": 1621323771367,
    "relativePath": "Audios\\normal.wav"
  },
  "6c796579-7045-4b0e-9857-c0dbf52026db": {
    "asset": 1621323301131,
    "meta": 1621323771373,
    "relativePath": "Audios\\pause.wav"
  },
  "e956e1e2-f8a8-4aca-bf90-37e003f912a6": {
    "asset": 1621323301133,
    "meta": 1621323771383,
    "relativePath": "Audios\\trampoline.wav"
  },
  "3c177584-12db-4a6b-8ca4-29aa81ba6c56": {
    "asset": 1621323301144,
    "meta": 1621323301135,
    "relativePath": "Fonts"
  },
  "fdf04a11-cf2c-47d5-999d-5642ef7b3cfe": {
    "asset": 1621323301137,
    "meta": 1621323771863,
    "relativePath": "Fonts\\font_big.fnt"
  },
  "0fcd83de-e831-4951-82d2-982eddea7283": {
    "asset": 1621323301119,
    "meta": 1621323771401,
    "relativePath": "Audios\\BGM.mp3"
  },
  "9ad07209-9031-45be-abb5-b5972bb240dc": {
    "asset": 1621323301141,
    "meta": 1621323771865,
    "relativePath": "Fonts\\font_small.fnt"
  },
  "5ad27364-230e-4827-bc9d-45eebe0ae8be": {
    "asset": 1621323301139,
    "meta": 1621323771407,
    "relativePath": "Fonts\\font_big.png"
  },
  "48192215-9c53-4ecb-973f-72e9b6cf53e2": {
    "asset": 1621323301158,
    "meta": 1621323301145,
    "relativePath": "Pictures"
  },
  "d3504f8a-03a5-463b-8e7c-14b05308ee48": {
    "asset": 1621323301143,
    "meta": 1621323771421,
    "relativePath": "Fonts\\font_small.png"
  },
  "e5578339-f4c7-4b0e-9917-3091b2d5bfd6": {
    "asset": 1621323301146,
    "meta": 1621323771424,
    "relativePath": "Pictures\\background.png"
  },
  "1421c51c-1071-4cac-9538-67941b1fc673": {
    "asset": 1621323301147,
    "meta": 1621323771438,
    "relativePath": "Pictures\\floor.png"
  },
  "964af37b-2218-49f3-a473-2803a8ee9435": {
    "asset": 1621323301149,
    "meta": 1621323771441,
    "relativePath": "Pictures\\frame.png"
  },
  "ccc42255-7ba8-4c1e-93e4-a61b8a458f61": {
    "asset": 1621323301155,
    "meta": 1621323771458,
    "relativePath": "Pictures\\pause.png"
  },
  "a6c9c11d-966d-411a-9def-8b7e3d5dde15": {
    "asset": 1621323301152,
    "meta": 1621323771466,
    "relativePath": "Pictures\\panel.png"
  },
  "50716806-2c56-4a21-802a-2d5ecde367b0": {
    "asset": 1621323301156,
    "meta": 1621323771470,
    "relativePath": "Pictures\\start.png"
  },
  "979f1373-61a5-49aa-b7d3-9b0e5d22070e": {
    "asset": 1621323301164,
    "meta": 1621323301159,
    "relativePath": "Prefabs"
  },
  "5573c967-8a95-4748-a167-684120a2aa53": {
    "asset": 1621323301160,
    "meta": 1621323771477,
    "relativePath": "Prefabs\\Conveyor.prefab"
  },
  "5b9bf6df-a278-4398-899a-9e7d198b92d9": {
    "asset": 1621323301162,
    "meta": 1621323771481,
    "relativePath": "Prefabs\\Normal.prefab"
  },
  "f6c821c0-ceba-4419-b1ba-dc21e7747a08": {
    "asset": 1621323301163,
    "meta": 1621323771487,
    "relativePath": "Prefabs\\Trampoline.prefab"
  },
  "ce290d8d-5263-421d-8f5e-00b8b915c394": {
    "asset": 1621323301166,
    "meta": 1621323301164,
    "relativePath": "Scenes"
  },
  "4d375733-ce18-4003-85c7-00ceb7de3570": {
    "asset": 1621323301158,
    "meta": 1621323771494,
    "relativePath": "Pictures\\wall.png"
  },
  "8652ef5c-649f-4f3f-8a35-bd735503d46e": {
    "asset": 1621323301174,
    "meta": 1621323301167,
    "relativePath": "Scripts"
  },
  "04cee87f-c06e-4ee4-82a7-dc1b33311941": {
    "asset": 1621323301165,
    "meta": 1621323771705,
    "relativePath": "Scenes\\game.fire"
  },
  "3cd2f165-801a-4f21-834d-fc62364b8dbe": {
    "asset": 1621323301173,
    "meta": 1621323771763,
    "relativePath": "Scripts\\Player.ts"
  },
  "9eafaea8-25f8-4bd9-8693-d88acc93c8cf": {
    "asset": 1621330836475,
    "meta": 1621330869946,
    "relativePath": "Scripts\\GameMgr.ts"
  },
  "a3e6d067-7bf2-48e2-bb1c-4e33d9f21c85": {
    "asset": 1621330837080,
    "meta": 1621330869946,
    "relativePath": "Scripts\\Platform.ts"
  }
}