{
  "__type__": "cc.TiledMapAsset",
  "_name": "map1-1",
  "_objFlags": 0,
  "_native": "",
  "tmxXmlStr": "<?xml version=\"1.0\" encoding=\"UTF-8\"?>\n<map version=\"1.5\" tiledversion=\"1.6.0\" orientation=\"orthogonal\" renderorder=\"right-down\" width=\"50\" height=\"15\" tilewidth=\"16\" tileheight=\"16\" infinite=\"0\" nextlayerid=\"16\" nextobjectid=\"363\">\n <tileset firstgid=\"1\" name=\"Generic RPG\" tilewidth=\"16\" tileheight=\"16\" tilecount=\"1024\" columns=\"32\">\n  <image source=\"atlas.png\" width=\"512\" height=\"512\"/>\n </tileset>\n <tileset firstgid=\"1025\" name=\"Generic RPG Objects\" tilewidth=\"70\" tileheight=\"88\" tilecount=\"79\" columns=\"0\">\n  <grid orientation=\"orthogonal\" width=\"1\" height=\"1\"/>\n  <tile id=\"158\">\n   <image width=\"55\" height=\"39\" source=\"../props n decorations/generic-rpg-mini-lake.png\"/>\n  </tile>\n  <tile id=\"159\">\n   <image width=\"16\" height=\"8\" source=\"../props n decorations/generic-rpg-rock01.png\"/>\n  </tile>\n  <tile id=\"160\">\n   <image width=\"25\" height=\"9\" source=\"../props n decorations/generic-rpg-rock02.png\"/>\n  </tile>\n  <tile id=\"161\">\n   <image width=\"23\" height=\"11\" source=\"../props n decorations/generic-rpg-rock03.png\"/>\n  </tile>\n  <tile id=\"162\">\n   <image width=\"26\" height=\"15\" source=\"../props n decorations/generic-rpg-rock04.png\"/>\n  </tile>\n  <tile id=\"163\">\n   <image width=\"21\" height=\"15\" source=\"../props n decorations/generic-rpg-rock05.png\"/>\n  </tile>\n  <tile id=\"164\">\n   <image width=\"32\" height=\"13\" source=\"../props n decorations/generic-rpg-rock06.png\"/>\n  </tile>\n  <tile id=\"165\">\n   <image width=\"14\" height=\"33\" source=\"../props n decorations/generic-rpg-rod.png\"/>\n  </tile>\n  <tile id=\"166\">\n   <image width=\"25\" height=\"27\" source=\"../props n decorations/generic-rpg-trasure-open.png\"/>\n  </tile>\n  <tile id=\"167\">\n   <image width=\"25\" height=\"21\" source=\"../props n decorations/generic-rpg-treasure-closed.png\"/>\n  </tile>\n  <tile id=\"168\">\n   <image width=\"53\" height=\"74\" source=\"../props n decorations/generic-rpg-tree01.png\"/>\n  </tile>\n  <tile id=\"169\">\n   <image width=\"53\" height=\"74\" source=\"../props n decorations/generic-rpg-tree02.png\"/>\n  </tile>\n  <tile id=\"170\">\n   <image width=\"12\" height=\"17\" source=\"../props n decorations/generic-rpg-barrel01.png\"/>\n  </tile>\n  <tile id=\"171\">\n   <image width=\"17\" height=\"17\" source=\"../props n decorations/generic-rpg-barrel02.png\"/>\n  </tile>\n  <tile id=\"172\">\n   <image width=\"10\" height=\"16\" source=\"../props n decorations/generic-rpg-barrel03.png\"/>\n  </tile>\n  <tile id=\"173\">\n   <image width=\"16\" height=\"15\" source=\"../props n decorations/generic-rpg-board01.png\"/>\n  </tile>\n  <tile id=\"174\">\n   <image width=\"16\" height=\"15\" source=\"../props n decorations/generic-rpg-board02.png\"/>\n  </tile>\n  <tile id=\"175\">\n   <image width=\"18\" height=\"22\" source=\"../props n decorations/generic-rpg-board03.png\"/>\n  </tile>\n  <tile id=\"176\">\n   <image width=\"16\" height=\"16\" source=\"../props n decorations/generic-rpg-board04.png\"/>\n  </tile>\n  <tile id=\"177\">\n   <image width=\"58\" height=\"56\" source=\"../props n decorations/generic-rpg-bridge.png\"/>\n  </tile>\n  <tile id=\"178\">\n   <image width=\"18\" height=\"19\" source=\"../props n decorations/generic-rpg-crate01.png\"/>\n  </tile>\n  <tile id=\"179\">\n   <image width=\"24\" height=\"21\" source=\"../props n decorations/generic-rpg-crate02.png\"/>\n  </tile>\n  <tile id=\"180\">\n   <image width=\"14\" height=\"18\" source=\"../props n decorations/generic-rpg-crate03.png\"/>\n  </tile>\n  <tile id=\"181\">\n   <image width=\"16\" height=\"16\" source=\"../props n decorations/generic-rpg-fence01.png\"/>\n  </tile>\n  <tile id=\"182\">\n   <image width=\"16\" height=\"16\" source=\"../props n decorations/generic-rpg-fence02.png\"/>\n  </tile>\n  <tile id=\"183\">\n   <image width=\"16\" height=\"16\" source=\"../props n decorations/generic-rpg-fence03.png\"/>\n  </tile>\n  <tile id=\"184\">\n   <image width=\"16\" height=\"16\" source=\"../props n decorations/generic-rpg-fence04.png\"/>\n  </tile>\n  <tile id=\"185\">\n   <image width=\"16\" height=\"16\" source=\"../props n decorations/generic-rpg-fence05.png\"/>\n  </tile>\n  <tile id=\"186\">\n   <image width=\"16\" height=\"16\" source=\"../props n decorations/generic-rpg-fence06.png\"/>\n  </tile>\n  <tile id=\"187\">\n   <image width=\"16\" height=\"16\" source=\"../props n decorations/generic-rpg-fence07.png\"/>\n  </tile>\n  <tile id=\"188\">\n   <image width=\"16\" height=\"16\" source=\"../props n decorations/generic-rpg-fence08.png\"/>\n  </tile>\n  <tile id=\"189\">\n   <image width=\"16\" height=\"16\" source=\"../props n decorations/generic-rpg-fence09.png\"/>\n  </tile>\n  <tile id=\"190\">\n   <image width=\"16\" height=\"16\" source=\"../props n decorations/generic-rpg-fence10.png\"/>\n  </tile>\n  <tile id=\"191\">\n   <image width=\"16\" height=\"16\" source=\"../props n decorations/generic-rpg-fence11.png\"/>\n  </tile>\n  <tile id=\"192\">\n   <image width=\"16\" height=\"16\" source=\"../props n decorations/generic-rpg-fence12.png\"/>\n  </tile>\n  <tile id=\"193\">\n   <image width=\"16\" height=\"16\" source=\"../props n decorations/generic-rpg-fence13.png\"/>\n  </tile>\n  <tile id=\"194\">\n   <image width=\"16\" height=\"16\" source=\"../props n decorations/generic-rpg-fence14.png\"/>\n  </tile>\n  <tile id=\"195\">\n   <image width=\"67\" height=\"62\" source=\"../props n decorations/generic-rpg-fence-complete.png\"/>\n  </tile>\n  <tile id=\"196\">\n   <image width=\"16\" height=\"16\" source=\"../props n decorations/generic-rpg-fence-raw01.png\"/>\n  </tile>\n  <tile id=\"197\">\n   <image width=\"16\" height=\"16\" source=\"../props n decorations/generic-rpg-fence-raw02.png\"/>\n  </tile>\n  <tile id=\"198\">\n   <image width=\"16\" height=\"16\" source=\"../props n decorations/generic-rpg-fence-raw03.png\"/>\n  </tile>\n  <tile id=\"199\">\n   <image width=\"16\" height=\"16\" source=\"../props n decorations/generic-rpg-fence-raw04.png\"/>\n  </tile>\n  <tile id=\"200\">\n   <image width=\"16\" height=\"16\" source=\"../props n decorations/generic-rpg-fence-raw05.png\"/>\n  </tile>\n  <tile id=\"201\">\n   <image width=\"16\" height=\"16\" source=\"../props n decorations/generic-rpg-fence-raw06.png\"/>\n  </tile>\n  <tile id=\"202\">\n   <image width=\"16\" height=\"16\" source=\"../props n decorations/generic-rpg-fence-raw07.png\"/>\n  </tile>\n  <tile id=\"203\">\n   <image width=\"16\" height=\"16\" source=\"../props n decorations/generic-rpg-fence-raw08.png\"/>\n  </tile>\n  <tile id=\"204\">\n   <image width=\"16\" height=\"16\" source=\"../props n decorations/generic-rpg-fence-raw09.png\"/>\n  </tile>\n  <tile id=\"205\">\n   <image width=\"16\" height=\"16\" source=\"../props n decorations/generic-rpg-fence-raw10.png\"/>\n  </tile>\n  <tile id=\"206\">\n   <image width=\"16\" height=\"16\" source=\"../props n decorations/generic-rpg-fence-raw11.png\"/>\n  </tile>\n  <tile id=\"207\">\n   <image width=\"16\" height=\"16\" source=\"../props n decorations/generic-rpg-fence-raw12.png\"/>\n  </tile>\n  <tile id=\"208\">\n   <image width=\"16\" height=\"16\" source=\"../props n decorations/generic-rpg-fence-raw13.png\"/>\n  </tile>\n  <tile id=\"209\">\n   <image width=\"16\" height=\"16\" source=\"../props n decorations/generic-rpg-fence-raw14.png\"/>\n  </tile>\n  <tile id=\"210\">\n   <image width=\"16\" height=\"16\" source=\"../props n decorations/generic-rpg-fence-raw15.png\"/>\n  </tile>\n  <tile id=\"211\">\n   <image width=\"16\" height=\"16\" source=\"../props n decorations/generic-rpg-fence-raw16.png\"/>\n  </tile>\n  <tile id=\"212\">\n   <image width=\"16\" height=\"16\" source=\"../props n decorations/generic-rpg-fence-raw17.png\"/>\n  </tile>\n  <tile id=\"213\">\n   <image width=\"16\" height=\"16\" source=\"../props n decorations/generic-rpg-fence-raw18.png\"/>\n  </tile>\n  <tile id=\"214\">\n   <image width=\"16\" height=\"16\" source=\"../props n decorations/generic-rpg-fence-raw19.png\"/>\n  </tile>\n  <tile id=\"215\">\n   <image width=\"16\" height=\"16\" source=\"../props n decorations/generic-rpg-fence-raw20.png\"/>\n  </tile>\n  <tile id=\"216\">\n   <image width=\"16\" height=\"16\" source=\"../props n decorations/generic-rpg-fence-raw21.png\"/>\n  </tile>\n  <tile id=\"217\">\n   <image width=\"16\" height=\"48\" source=\"../props n decorations/generic-rpg-fence-raw22.png\"/>\n  </tile>\n  <tile id=\"218\">\n   <image width=\"16\" height=\"48\" source=\"../props n decorations/generic-rpg-fence-raw23.png\"/>\n  </tile>\n  <tile id=\"219\">\n   <image width=\"48\" height=\"16\" source=\"../props n decorations/generic-rpg-fence-raw24.png\"/>\n  </tile>\n  <tile id=\"220\">\n   <image width=\"48\" height=\"16\" source=\"../props n decorations/generic-rpg-fence-raw25.png\"/>\n  </tile>\n  <tile id=\"221\">\n   <image width=\"7\" height=\"7\" source=\"../props n decorations/generic-rpg-fish01.png\"/>\n  </tile>\n  <tile id=\"222\">\n   <image width=\"6\" height=\"3\" source=\"../props n decorations/generic-rpg-fish02.png\"/>\n  </tile>\n  <tile id=\"223\">\n   <image width=\"4\" height=\"4\" source=\"../props n decorations/generic-rpg-fish03.png\"/>\n  </tile>\n  <tile id=\"224\">\n   <image width=\"8\" height=\"4\" source=\"../props n decorations/generic-rpg-fish04.png\"/>\n  </tile>\n  <tile id=\"225\">\n   <image width=\"8\" height=\"7\" source=\"../props n decorations/generic-rpg-flower01.png\"/>\n  </tile>\n  <tile id=\"226\">\n   <image width=\"8\" height=\"7\" source=\"../props n decorations/generic-rpg-flower02.png\"/>\n  </tile>\n  <tile id=\"227\">\n   <image width=\"8\" height=\"7\" source=\"../props n decorations/generic-rpg-flower03.png\"/>\n  </tile>\n  <tile id=\"228\">\n   <image width=\"56\" height=\"28\" source=\"../props n decorations/generic-rpg-flowers.png\"/>\n  </tile>\n  <tile id=\"229\">\n   <image width=\"13\" height=\"7\" source=\"../props n decorations/generic-rpg-grass01.png\"/>\n  </tile>\n  <tile id=\"230\">\n   <image width=\"16\" height=\"9\" source=\"../props n decorations/generic-rpg-grass02.png\"/>\n  </tile>\n  <tile id=\"231\">\n   <image width=\"70\" height=\"88\" source=\"../props n decorations/generic-rpg-house-inn.png\"/>\n  </tile>\n  <tile id=\"232\">\n   <image width=\"12\" height=\"12\" source=\"../props n decorations/generic-rpg-loot01.png\"/>\n  </tile>\n  <tile id=\"233\">\n   <image width=\"11\" height=\"11\" source=\"../props n decorations/generic-rpg-loot02.png\"/>\n  </tile>\n  <tile id=\"234\">\n   <image width=\"9\" height=\"11\" source=\"../props n decorations/generic-rpg-loot03.png\"/>\n  </tile>\n  <tile id=\"235\">\n   <image width=\"9\" height=\"11\" source=\"../props n decorations/generic-rpg-loot04.png\"/>\n  </tile>\n  <tile id=\"236\">\n   <image width=\"10\" height=\"11\" source=\"../props n decorations/generic-rpg-loot05.png\"/>\n  </tile>\n </tileset>\n <layer id=\"1\" name=\"Ground\" width=\"50\" height=\"15\">\n  <data encoding=\"csv\">\n518,518,518,518,518,518,518,518,518,518,518,518,518,518,518,518,558,518,518,558,518,518,518,518,518,519,519,519,519,519,519,519,519,519,519,519,519,519,519,519,519,519,519,519,519,600,601,602,603,555,\n518,518,518,518,518,518,518,518,518,518,518,518,518,518,518,518,558,518,518,558,518,518,518,518,518,519,519,519,519,519,519,519,519,519,519,519,519,519,519,519,519,519,519,519,519,632,633,634,635,555,\n518,518,518,518,518,518,518,518,518,518,581,582,583,584,585,586,586,584,585,558,764,764,759,585,586,627,628,629,519,519,519,519,519,519,519,519,519,519,519,519,519,519,519,519,519,664,665,666,667,555,\n518,518,518,518,518,518,518,518,518,518,613,614,615,616,617,618,618,616,617,795,796,796,791,617,618,659,660,661,519,519,519,519,519,519,519,519,519,519,519,519,519,519,519,519,519,696,697,698,699,555,\n518,518,518,518,518,518,518,518,518,518,645,646,647,648,649,650,650,648,649,827,828,828,823,649,650,691,548,549,519,519,519,519,519,519,519,519,519,519,519,519,519,519,519,519,519,728,729,730,731,555,\n518,518,518,518,582,583,584,585,586,587,677,678,679,680,681,682,682,682,518,558,860,860,855,681,682,723,783,784,519,519,519,519,519,519,519,519,519,519,519,519,519,519,519,519,519,600,601,602,603,555,\n610,611,612,613,614,615,616,617,618,617,618,774,711,712,518,518,558,518,518,558,518,518,518,518,813,814,815,816,519,519,519,519,519,6,519,519,519,519,519,519,519,519,519,519,519,632,633,634,635,555,\n642,643,644,645,646,647,648,649,650,649,651,718,692,693,518,518,558,518,518,558,518,518,518,518,845,846,847,848,6,519,519,519,519,519,519,519,519,519,519,519,519,519,519,519,519,664,665,666,667,555,\n674,675,676,677,678,679,784,681,682,681,683,750,724,725,585,586,585,586,585,586,585,586,585,586,741,742,783,784,519,519,519,519,519,519,519,519,519,519,519,519,519,519,519,519,519,696,697,698,699,555,\n706,707,708,709,710,711,816,518,518,518,781,787,788,789,617,618,617,618,617,618,617,618,617,618,773,774,815,816,519,519,519,519,519,519,519,519,519,519,519,519,519,519,519,519,519,728,729,730,731,555,\n738,739,740,741,742,743,816,518,518,518,813,819,820,821,649,650,649,650,649,650,649,650,649,650,649,579,580,519,519,519,519,519,519,519,519,519,519,519,519,519,519,519,519,519,519,600,601,602,603,555,\n770,771,772,773,774,775,816,518,518,518,843,851,852,853,681,6,681,682,681,682,681,682,681,8,681,519,519,519,7,519,519,519,519,519,519,519,8,519,519,519,519,519,519,519,519,632,633,634,635,555,\n802,803,804,805,806,807,808,518,518,518,5,851,611,7,593,593,558,564,558,558,892,518,518,518,518,519,519,519,519,519,519,519,519,519,519,519,519,519,519,519,519,519,519,519,519,664,665,666,667,555,\n559,559,559,559,559,559,559,8,559,559,559,6,559,559,559,559,558,558,5,558,559,559,559,559,559,519,7,519,519,519,519,519,519,519,519,519,519,519,519,519,519,519,519,886,887,888,889,890,891,892,\n518,518,518,518,518,518,518,552,552,518,518,518,518,518,518,518,558,564,558,558,559,559,559,518,518,519,519,519,519,519,519,519,519,519,519,519,519,519,519,519,519,519,519,918,919,920,921,922,923,924\n</data>\n </layer>\n <layer id=\"15\" name=\"Grass\" width=\"50\" height=\"15\">\n  <data encoding=\"csv\">\n0,0,0,0,0,0,0,0,0,0,0,0,0,0,0,0,0,0,0,0,0,0,0,0,0,0,0,0,0,0,0,0,0,0,0,0,0,0,0,0,0,0,0,0,0,0,0,0,0,0,\n0,0,0,0,0,0,0,0,0,0,0,0,0,0,0,0,0,0,0,0,0,0,0,0,0,0,0,0,0,0,0,0,0,0,0,0,0,0,0,0,0,0,0,0,0,0,0,0,0,0,\n0,0,0,0,0,0,0,0,0,0,0,0,0,0,0,0,0,0,0,0,0,0,0,0,0,0,0,3,0,0,0,0,0,0,0,0,0,0,0,0,0,0,0,0,0,0,0,0,0,0,\n0,0,0,0,0,0,0,0,0,0,0,0,0,0,0,0,0,0,0,0,0,0,0,0,0,0,0,0,0,0,0,0,0,0,0,0,0,0,0,0,0,0,0,0,0,0,0,0,0,0,\n0,0,0,0,0,0,0,0,0,0,0,0,0,0,0,0,0,0,0,0,0,0,0,0,0,0,0,0,0,0,0,0,3,0,0,0,0,0,0,0,0,0,0,0,0,0,0,0,0,0,\n0,0,0,0,0,0,0,0,0,0,0,0,0,0,0,0,0,0,0,0,0,0,0,0,0,0,0,0,0,0,0,0,0,0,0,0,0,0,0,0,0,0,0,3,0,0,0,0,0,0,\n0,0,0,0,0,0,0,0,0,0,0,0,0,0,0,0,0,6,0,0,0,0,0,0,0,0,0,0,0,0,0,0,0,0,0,0,0,0,0,0,0,8,0,0,0,0,0,0,0,0,\n0,0,0,0,0,0,0,0,0,0,0,0,0,0,0,0,0,0,7,0,0,0,0,0,0,0,0,0,0,0,0,0,0,0,0,0,5,0,0,3,0,0,0,0,0,0,0,0,0,0,\n0,0,0,0,0,0,0,0,0,0,0,0,0,0,0,0,0,0,0,0,0,0,0,0,0,0,0,0,0,0,0,0,0,0,0,0,3,0,0,0,0,5,0,0,4,0,0,0,0,0,\n0,0,0,0,0,0,0,0,0,0,0,0,0,0,0,0,0,0,0,0,0,0,0,0,0,0,0,0,0,0,4,0,0,0,0,0,0,0,0,0,0,0,0,0,0,0,0,0,0,0,\n0,0,0,0,0,0,0,0,0,0,0,0,0,0,0,0,0,0,0,0,0,0,0,0,0,0,0,0,0,0,0,0,0,0,4,0,0,0,0,0,0,0,0,0,0,0,0,0,0,0,\n0,0,0,0,0,0,0,0,0,0,0,0,0,0,0,0,0,0,0,4,0,0,0,0,0,0,0,0,0,0,0,0,0,0,0,0,0,0,0,0,0,0,0,0,7,0,0,0,0,0,\n0,0,0,0,0,0,0,0,0,0,0,0,4,0,0,0,0,0,0,0,0,0,0,0,0,0,0,3,0,0,0,0,0,0,0,0,0,0,0,0,0,0,4,0,0,0,0,0,0,0,\n0,0,0,0,0,0,0,0,3,0,0,0,0,0,0,0,0,3,0,0,0,0,0,0,0,0,0,0,0,0,0,0,0,0,0,0,7,0,0,0,0,0,0,0,0,0,0,0,0,0,\n0,0,0,0,0,0,0,0,0,0,0,0,0,0,0,0,4,0,0,0,0,0,0,0,0,0,0,0,0,0,0,0,8,0,0,3,0,0,0,0,7,0,0,0,0,0,0,0,0,0\n</data>\n </layer>\n <objectgroup id=\"12\" name=\"Objects\">\n  <object id=\"63\" gid=\"1193\" x=\"16\" y=\"176\" width=\"53\" height=\"74\"/>\n  <object id=\"64\" gid=\"1193\" x=\"0\" y=\"160\" width=\"53\" height=\"74\"/>\n  <object id=\"65\" gid=\"1193\" x=\"16\" y=\"144\" width=\"53\" height=\"74\"/>\n  <object id=\"66\" gid=\"1193\" x=\"0\" y=\"128\" width=\"53\" height=\"74\"/>\n  <object id=\"67\" gid=\"1193\" x=\"-16\" y=\"112\" width=\"53\" height=\"74\"/>\n  <object id=\"68\" gid=\"1193\" x=\"16\" y=\"96\" width=\"53\" height=\"74\"/>\n  <object id=\"69\" gid=\"1193\" x=\"48\" y=\"80\" width=\"53\" height=\"74\"/>\n  <object id=\"71\" gid=\"1193\" x=\"64\" y=\"96\" width=\"53\" height=\"74\"/>\n  <object id=\"75\" gid=\"1193\" x=\"80\" y=\"80\" width=\"53\" height=\"74\"/>\n  <object id=\"76\" gid=\"1194\" x=\"96\" y=\"96\" width=\"53\" height=\"74\"/>\n  <object id=\"77\" gid=\"1194\" x=\"128\" y=\"96\" width=\"53\" height=\"74\"/>\n  <object id=\"78\" gid=\"1194\" x=\"112\" y=\"80\" width=\"53\" height=\"74\"/>\n  <object id=\"79\" gid=\"1194\" x=\"128\" y=\"64\" width=\"53\" height=\"74\"/>\n  <object id=\"80\" gid=\"1194\" x=\"144\" y=\"48\" width=\"53\" height=\"74\"/>\n  <object id=\"81\" gid=\"1194\" x=\"160\" y=\"32\" width=\"53\" height=\"74\"/>\n  <object id=\"82\" gid=\"1194\" x=\"176\" y=\"48\" width=\"53\" height=\"74\"/>\n  <object id=\"83\" gid=\"1194\" x=\"192\" y=\"32\" width=\"53\" height=\"74\"/>\n  <object id=\"85\" gid=\"1194\" x=\"208\" y=\"48\" width=\"53\" height=\"74\"/>\n  <object id=\"86\" gid=\"1194\" x=\"224\" y=\"32\" width=\"53\" height=\"74\"/>\n  <object id=\"87\" gid=\"1194\" x=\"96\" y=\"32\" width=\"53\" height=\"74\"/>\n  <object id=\"88\" gid=\"1193\" x=\"-16\" y=\"64\" width=\"53\" height=\"74\"/>\n  <object id=\"89\" gid=\"1193\" x=\"32\" y=\"48\" width=\"53\" height=\"74\"/>\n  <object id=\"90\" gid=\"1193\" x=\"64\" y=\"32\" width=\"53\" height=\"74\"/>\n  <object id=\"92\" gid=\"1193\" x=\"304\" y=\"48\" width=\"53\" height=\"74\"/>\n  <object id=\"93\" gid=\"1193\" x=\"320\" y=\"32\" width=\"53\" height=\"74\"/>\n  <object id=\"94\" gid=\"1193\" x=\"352\" y=\"48\" width=\"53\" height=\"74\"/>\n  <object id=\"113\" gid=\"1224\" x=\"0\" y=\"208\" width=\"16\" height=\"16\"/>\n  <object id=\"114\" gid=\"1224\" x=\"16\" y=\"208\" width=\"16\" height=\"16\"/>\n  <object id=\"115\" gid=\"1224\" x=\"32\" y=\"208\" width=\"16\" height=\"16\"/>\n  <object id=\"116\" gid=\"1224\" x=\"48\" y=\"208\" width=\"16\" height=\"16\"/>\n  <object id=\"117\" gid=\"1224\" x=\"64\" y=\"208\" width=\"16\" height=\"16\"/>\n  <object id=\"118\" gid=\"1224\" x=\"80\" y=\"208\" width=\"16\" height=\"16\"/>\n  <object id=\"119\" gid=\"1231\" x=\"96\" y=\"208\" width=\"16\" height=\"16\"/>\n  <object id=\"124\" gid=\"1232\" x=\"96\" y=\"224\" width=\"16\" height=\"16\"/>\n  <object id=\"127\" gid=\"1183\" x=\"16\" y=\"256\" width=\"55\" height=\"39\"/>\n  <object id=\"128\" gid=\"1188\" x=\"96\" y=\"240\" width=\"21\" height=\"15\"/>\n  <object id=\"129\" gid=\"1185\" x=\"64\" y=\"224\" width=\"25\" height=\"9\"/>\n  <object id=\"145\" gid=\"1193\" x=\"128\" y=\"160\" width=\"53\" height=\"74\"/>\n  <object id=\"146\" gid=\"1194\" x=\"96\" y=\"160\" width=\"53\" height=\"74\"/>\n  <object id=\"147\" gid=\"1194\" x=\"112\" y=\"176\" width=\"53\" height=\"74\"/>\n  <object id=\"149\" gid=\"1193\" x=\"128\" y=\"192\" width=\"53\" height=\"74\"/>\n  <object id=\"150\" gid=\"1193\" x=\"96\" y=\"208\" width=\"53\" height=\"74\"/>\n  <object id=\"158\" gid=\"1236\" x=\"240\" y=\"96\" width=\"16\" height=\"16\"/>\n  <object id=\"159\" gid=\"1235\" x=\"224\" y=\"96\" width=\"16\" height=\"16\"/>\n  <object id=\"160\" gid=\"1228\" x=\"208\" y=\"96\" width=\"16\" height=\"16\"/>\n  <object id=\"161\" gid=\"1227\" x=\"208\" y=\"112\" width=\"16\" height=\"16\"/>\n  <object id=\"162\" gid=\"1226\" x=\"208\" y=\"128\" width=\"16\" height=\"16\"/>\n  <object id=\"164\" gid=\"1234\" x=\"209\" y=\"144\" width=\"16\" height=\"16\"/>\n  <object id=\"165\" gid=\"1229\" x=\"224\" y=\"144\" width=\"16\" height=\"16\"/>\n  <object id=\"167\" gid=\"1193\" x=\"224\" y=\"142\" width=\"53\" height=\"74\"/>\n  <object id=\"170\" gid=\"1224\" x=\"240\" y=\"176\" width=\"16\" height=\"16\"/>\n  <object id=\"171\" gid=\"1224\" x=\"224\" y=\"176\" width=\"16\" height=\"16\"/>\n  <object id=\"172\" gid=\"1224\" x=\"208\" y=\"176\" width=\"16\" height=\"16\"/>\n  <object id=\"173\" gid=\"1224\" x=\"192\" y=\"176\" width=\"16\" height=\"16\"/>\n  <object id=\"174\" gid=\"1223\" x=\"176\" y=\"176\" width=\"16\" height=\"16\"/>\n  <object id=\"175\" gid=\"1184\" x=\"144\" y=\"208\" width=\"16\" height=\"8\"/>\n  <object id=\"176\" gid=\"1189\" x=\"224\" y=\"224\" width=\"32\" height=\"13\"/>\n  <object id=\"187\" gid=\"1194\" x=\"304\" y=\"112\" width=\"53\" height=\"74\"/>\n  <object id=\"188\" gid=\"1194\" x=\"336\" y=\"96\" width=\"53\" height=\"74\"/>\n  <object id=\"189\" gid=\"1193\" x=\"304\" y=\"144\" width=\"53\" height=\"74\"/>\n  <object id=\"190\" gid=\"1193\" x=\"336\" y=\"128\" width=\"53\" height=\"74\"/>\n  <object id=\"191\" gid=\"1193\" x=\"352\" y=\"144\" width=\"53\" height=\"74\"/>\n  <object id=\"194\" gid=\"1230\" x=\"320\" y=\"176\" width=\"16\" height=\"16\"/>\n  <object id=\"195\" gid=\"1229\" x=\"336\" y=\"176\" width=\"16\" height=\"16\"/>\n  <object id=\"196\" gid=\"1230\" x=\"352\" y=\"176\" width=\"16\" height=\"16\"/>\n  <object id=\"197\" gid=\"1235\" x=\"368\" y=\"176\" width=\"16\" height=\"16\"/>\n  <object id=\"198\" gid=\"1235\" x=\"384\" y=\"176\" width=\"16\" height=\"16\"/>\n  <object id=\"199\" gid=\"1183\" x=\"336\" y=\"240\" width=\"55\" height=\"39\"/>\n  <object id=\"215\" gid=\"1193\" x=\"257.5\" y=\"48.5\" width=\"53\" height=\"74\"/>\n  <object id=\"216\" gid=\"1236\" x=\"256\" y=\"176\" width=\"16\" height=\"16\"/>\n  <object id=\"217\" gid=\"1235\" x=\"288\" y=\"176\" width=\"16\" height=\"16\"/>\n  <object id=\"218\" gid=\"1230\" x=\"272\" y=\"176\" width=\"16\" height=\"16\"/>\n  <object id=\"219\" gid=\"1229\" x=\"304\" y=\"176\" width=\"16\" height=\"16\"/>\n  <object id=\"220\" gid=\"1256\" x=\"576\" y=\"96\" width=\"70\" height=\"88\"/>\n  <object id=\"221\" gid=\"1193\" x=\"560\" y=\"48\" width=\"53\" height=\"74\"/>\n  <object id=\"222\" gid=\"1194\" x=\"592\" y=\"32\" width=\"53\" height=\"74\"/>\n  <object id=\"223\" gid=\"1194\" x=\"624\" y=\"48\" width=\"53\" height=\"74\"/>\n  <object id=\"224\" gid=\"1193\" x=\"640\" y=\"64\" width=\"53\" height=\"74\"/>\n  <object id=\"225\" gid=\"1194\" x=\"528\" y=\"64\" width=\"53\" height=\"74\"/>\n  <object id=\"226\" gid=\"1194\" x=\"512\" y=\"48\" width=\"53\" height=\"74\"/>\n  <object id=\"227\" gid=\"1193\" x=\"480\" y=\"32\" width=\"53\" height=\"74\"/>\n  <object id=\"228\" gid=\"1194\" x=\"448\" y=\"48\" width=\"53\" height=\"74\"/>\n  <object id=\"229\" gid=\"1193\" x=\"416\" y=\"32\" width=\"53\" height=\"74\"/>\n  <object id=\"230\" gid=\"1194\" x=\"400\" y=\"16\" width=\"53\" height=\"74\"/>\n  <object id=\"231\" gid=\"1194\" x=\"368\" y=\"32\" width=\"53\" height=\"74\"/>\n  <object id=\"232\" gid=\"1194\" x=\"672\" y=\"48\" width=\"53\" height=\"74\"/>\n  <object id=\"233\" gid=\"1194\" x=\"688\" y=\"64\" width=\"53\" height=\"74\"/>\n  <object id=\"235\" gid=\"1194\" x=\"784\" y=\"16\" width=\"53\" height=\"74\"/>\n  <object id=\"237\" gid=\"1194\" x=\"768\" y=\"48\" width=\"53\" height=\"74\"/>\n  <object id=\"240\" gid=\"1193\" x=\"688\" y=\"16\" width=\"53\" height=\"74\"/>\n  <object id=\"243\" gid=\"35\" x=\"560\" y=\"96\" width=\"16\" height=\"16\"/>\n  <object id=\"245\" gid=\"1206\" x=\"432\" y=\"64\" width=\"16\" height=\"16\"/>\n  <object id=\"246\" gid=\"1207\" x=\"448\" y=\"64\" width=\"16\" height=\"16\"/>\n  <object id=\"248\" gid=\"1210\" x=\"496\" y=\"64\" width=\"16\" height=\"16\"/>\n  <object id=\"249\" gid=\"1218\" x=\"432\" y=\"80\" width=\"16\" height=\"16\"/>\n  <object id=\"250\" gid=\"1218\" x=\"432\" y=\"96\" width=\"16\" height=\"16\"/>\n  <object id=\"251\" gid=\"1217\" x=\"432\" y=\"112\" width=\"16\" height=\"16\"/>\n  <object id=\"252\" gid=\"1214\" x=\"480\" y=\"112\" width=\"16\" height=\"16\"/>\n  <object id=\"254\" gid=\"1216\" x=\"448\" y=\"112\" width=\"16\" height=\"16\"/>\n  <object id=\"255\" gid=\"1215\" x=\"464\" y=\"112\" width=\"16\" height=\"16\"/>\n  <object id=\"256\" gid=\"1213\" x=\"496\" y=\"112\" width=\"16\" height=\"16\"/>\n  <object id=\"258\" gid=\"1212\" x=\"496\" y=\"96\" width=\"16\" height=\"16\"/>\n  <object id=\"259\" gid=\"1212\" x=\"496\" y=\"80\" width=\"16\" height=\"16\"/>\n  <object id=\"260\" gid=\"1208\" x=\"464\" y=\"64\" width=\"16\" height=\"16\"/>\n  <object id=\"261\" gid=\"1209\" x=\"480\" y=\"64\" width=\"16\" height=\"16\"/>\n  <object id=\"283\" gid=\"1242\" x=\"464\" y=\"144\" width=\"16\" height=\"48\"/>\n  <object id=\"285\" gid=\"1223\" x=\"464\" y=\"144\" width=\"16\" height=\"16\"/>\n  <object id=\"286\" gid=\"1224\" x=\"480\" y=\"144\" width=\"16\" height=\"16\"/>\n  <object id=\"287\" gid=\"1224\" x=\"496\" y=\"144\" width=\"16\" height=\"16\"/>\n  <object id=\"288\" gid=\"1236\" x=\"512\" y=\"144\" width=\"16\" height=\"16\"/>\n  <object id=\"291\" gid=\"1228\" x=\"544\" y=\"128\" width=\"16\" height=\"16\"/>\n  <object id=\"292\" gid=\"1226\" x=\"544\" y=\"144\" width=\"16\" height=\"16\"/>\n  <object id=\"293\" gid=\"1227\" x=\"544\" y=\"160\" width=\"16\" height=\"16\"/>\n  <object id=\"294\" gid=\"1183\" x=\"592\" y=\"176\" width=\"55\" height=\"39\"/>\n  <object id=\"295\" gid=\"1231\" x=\"672\" y=\"112\" width=\"16\" height=\"16\"/>\n  <object id=\"297\" gid=\"1232\" x=\"672\" y=\"128\" width=\"16\" height=\"16\"/>\n  <object id=\"299\" gid=\"1243\" x=\"592\" y=\"208\" width=\"16\" height=\"48\"/>\n  <object id=\"302\" gid=\"1229\" x=\"592\" y=\"208\" width=\"16\" height=\"16\"/>\n  <object id=\"303\" gid=\"1224\" x=\"576\" y=\"208\" width=\"16\" height=\"16\"/>\n  <object id=\"304\" gid=\"1224\" x=\"560\" y=\"208\" width=\"16\" height=\"16\"/>\n  <object id=\"305\" gid=\"1224\" x=\"544\" y=\"208\" width=\"16\" height=\"16\"/>\n  <object id=\"306\" gid=\"1223\" x=\"528\" y=\"208\" width=\"16\" height=\"16\"/>\n  <object id=\"307\" gid=\"1193\" x=\"496\" y=\"224\" width=\"53\" height=\"74\"/>\n  <object id=\"308\" gid=\"1193\" x=\"464\" y=\"240\" width=\"53\" height=\"74\"/>\n  <object id=\"316\" gid=\"1200\" x=\"36\" y=\"179.5\" width=\"18\" height=\"22\"/>\n  <object id=\"317\" gid=\"1230\" x=\"640\" y=\"160\" width=\"16\" height=\"16\"/>\n  <object id=\"318\" gid=\"1235\" x=\"656\" y=\"160\" width=\"16\" height=\"16\"/>\n  <object id=\"325\" gid=\"1229\" x=\"672\" y=\"160\" width=\"16\" height=\"16\"/>\n  <object id=\"326\" gid=\"1242\" x=\"672\" y=\"192\" width=\"16\" height=\"48\"/>\n  <object id=\"330\" gid=\"1184\" x=\"448\" y=\"144\" width=\"16\" height=\"8\"/>\n  <object id=\"331\" gid=\"1187\" x=\"496\" y=\"48\" width=\"26\" height=\"15\"/>\n  <object id=\"332\" gid=\"1189\" x=\"400\" y=\"240\" width=\"32\" height=\"13\"/>\n  <object id=\"339\" gid=\"1188\" x=\"681\" y=\"68\" width=\"21\" height=\"15\"/>\n  <object id=\"340\" gid=\"1250\" x=\"774\" y=\"73\" width=\"8\" height=\"7\"/>\n  <object id=\"341\" gid=\"1252\" x=\"788.5\" y=\"104.5\" width=\"8\" height=\"7\"/>\n  <object id=\"342\" gid=\"1251\" x=\"776\" y=\"143.5\" width=\"8\" height=\"7\"/>\n  <object id=\"343\" gid=\"1255\" x=\"776\" y=\"114\" width=\"16\" height=\"9\"/>\n  <object id=\"344\" gid=\"1254\" x=\"787.5\" y=\"163\" width=\"13\" height=\"7\"/>\n  <object id=\"345\" gid=\"1255\" x=\"772.5\" y=\"203\" width=\"16\" height=\"9\"/>\n  <object id=\"346\" gid=\"1187\" x=\"783\" y=\"186\" width=\"26\" height=\"15\"/>\n  <object id=\"350\" gid=\"1185\" x=\"606.5\" y=\"183.5\" width=\"25\" height=\"9\"/>\n  <object id=\"361\" gid=\"1184\" x=\"300\" y=\"49\" width=\"16\" height=\"8\"/>\n  <object id=\"362\" gid=\"1185\" x=\"245.5\" y=\"48.5\" width=\"25\" height=\"9\"/>\n </objectgroup>\n</map>\n",
  "textures": [
    {
      "__uuid__": "a4f8458f-ac90-40e6-878b-58a6eb338511"
    },
    {
      "__uuid__": "6ebe9c7e-da0e-4cc0-ba38-9553af421075"
    },
    {
      "__uuid__": "f69bb21d-531b-4b3d-8dc2-1643c6959d44"
    },
    {
      "__uuid__": "b10a01c1-0357-4ccd-8b75-8aba4cbf34dd"
    },
    {
      "__uuid__": "ff306178-d27f-416e-96d2-4b6b91f76842"
    },
    {
      "__uuid__": "f052ffcc-84b1-488c-87a2-7053189a6c0d"
    },
    {
      "__uuid__": "20f82e00-d4a9-4863-aea9-4abcd6d16503"
    },
    {
      "__uuid__": "5fc43ac4-bd9a-4a74-b71e-4f8d2e998b22"
    },
    {
      "__uuid__": "d1cb4a8f-32ca-4ff7-b41c-c0c348791f0e"
    },
    {
      "__uuid__": "ae9a6bbe-99c9-4447-b300-17a55e6f5feb"
    },
    {
      "__uuid__": "6af11bb3-9bd3-4fb0-8ac4-e32fa60f9538"
    },
    {
      "__uuid__": "05f2b51a-bb29-43ac-b881-46aac1e0ba5f"
    },
    {
      "__uuid__": "51b94193-0319-4205-aabf-c453e8047f6c"
    },
    {
      "__uuid__": "8444992d-95d7-41fa-9d88-d5b71d98c69d"
    },
    {
      "__uuid__": "9d6a65a4-7089-433a-9012-9cc4bc7b6779"
    },
    {
      "__uuid__": "94ee5201-8bde-4afb-94d6-23efc12fad5a"
    },
    {
      "__uuid__": "29f58d8c-a1d6-4921-a3a0-3f255063ef46"
    },
    {
      "__uuid__": "1114dd49-2d96-41aa-86cd-4b414607b4ae"
    },
    {
      "__uuid__": "b423334b-f6f7-4888-82c3-9e69fd1c6e7f"
    },
    {
      "__uuid__": "1640bdee-ff5b-4ba5-b4b0-1d72367189a1"
    },
    {
      "__uuid__": "c6af3476-dfa1-4452-9b11-7ba1ecada6ed"
    },
    {
      "__uuid__": "a2b11174-4d52-4841-a402-986966ea6974"
    },
    {
      "__uuid__": "54c2c736-6940-49f0-9acd-6625d1b3bcf4"
    },
    {
      "__uuid__": "b7f2ae73-a4d3-4aaa-babf-6b7739065d96"
    },
    {
      "__uuid__": "979dca5a-2859-4af0-a2b7-ce78a3e782b8"
    },
    {
      "__uuid__": "ed46564b-1e56-405b-9518-a46ec2ad06e5"
    },
    {
      "__uuid__": "e2aaee16-9652-45ac-9324-5700493a0505"
    },
    {
      "__uuid__": "a32e1a35-b743-4527-ad64-5e2a5364b3d5"
    },
    {
      "__uuid__": "b4c1c903-66f4-4c39-ae0f-8a16aa9ca700"
    },
    {
      "__uuid__": "f7b4463d-2b69-4966-8cc9-e4aad8bc4568"
    },
    {
      "__uuid__": "6deadfd9-d524-4f09-95c5-a673f7cafa48"
    },
    {
      "__uuid__": "443ccf66-7d26-4ee0-b587-7776959670a0"
    },
    {
      "__uuid__": "aed0a0e1-d442-426f-ab83-5f2569245066"
    },
    {
      "__uuid__": "b46fc95c-0e07-4d6c-aa71-470dec2328a6"
    },
    {
      "__uuid__": "b763ab5f-8ff7-4e0a-bc81-de7d177134d9"
    },
    {
      "__uuid__": "022fc1e2-a971-4020-854d-97be7b07c557"
    },
    {
      "__uuid__": "d1f8ba03-9863-47f4-8e92-0f30e21f5247"
    },
    {
      "__uuid__": "36b72868-945e-457e-b294-86f1b711048c"
    },
    {
      "__uuid__": "d9702a2b-1862-49c6-9cd2-400b5ed1ae77"
    },
    {
      "__uuid__": "7001a9cc-71ce-4fd6-8321-869068b88a78"
    },
    {
      "__uuid__": "e2388145-3130-48bd-ad3c-050cc9fbd419"
    },
    {
      "__uuid__": "52c08a87-7fc7-4476-b3c5-b914b89460b1"
    },
    {
      "__uuid__": "5694872b-b257-4df7-a149-87096f144f90"
    },
    {
      "__uuid__": "9f9bf0d2-82af-4762-94c2-5d7059c55f7a"
    },
    {
      "__uuid__": "a1da293f-a083-45b1-b719-31005f946c07"
    },
    {
      "__uuid__": "6e85c686-5b27-4d58-87e8-d63a3d304451"
    },
    {
      "__uuid__": "c9e0e3d4-e8f5-463c-83c6-9b77e582703e"
    },
    {
      "__uuid__": "7d255e4a-7fed-41d6-bfb0-9fe5cd83595c"
    },
    {
      "__uuid__": "d59b91fe-7dea-465a-a3f8-8a1430c50204"
    },
    {
      "__uuid__": "c4edb6d8-c93d-4c9c-b695-ce793f6b29f4"
    },
    {
      "__uuid__": "03c15ef8-b413-4cd7-8c00-e3238972cef8"
    },
    {
      "__uuid__": "1518b8d5-951c-4197-8b88-e547a78a9193"
    },
    {
      "__uuid__": "915e3ad8-8e34-4c4d-930d-7a78785cdeb8"
    },
    {
      "__uuid__": "606eb679-6040-45f7-aaac-11660bbfc0d5"
    },
    {
      "__uuid__": "cea0e9ad-9773-4cf4-8e90-caaccdf39d2e"
    },
    {
      "__uuid__": "a77276d3-5e24-49d4-b26b-0f30d8948f3d"
    },
    {
      "__uuid__": "63d625fd-49bf-4d99-8445-2eb995933a29"
    },
    {
      "__uuid__": "0b5eaa2b-46aa-418a-ae40-238740589c60"
    },
    {
      "__uuid__": "18ba8046-7287-49ca-9c41-d49d6d24022b"
    },
    {
      "__uuid__": "385e0181-b62c-4132-a229-c2c57e15275d"
    },
    {
      "__uuid__": "d21e6559-ef22-4fc3-a1f1-15651d5b14fb"
    },
    {
      "__uuid__": "e9c3057b-dcd8-42f4-99bc-6597a9fbb997"
    },
    {
      "__uuid__": "d8a00466-6a05-4f62-9df8-080c99b67f1e"
    },
    {
      "__uuid__": "69ffe413-3860-4de8-a4e5-c81821c85afe"
    },
    {
      "__uuid__": "801357d8-4c9d-4398-ab9d-ece30b184d1b"
    },
    {
      "__uuid__": "49f74f90-872c-4167-9c98-289b0b09001a"
    },
    {
      "__uuid__": "846de604-f844-47d9-88f4-4fadea17ecc1"
    },
    {
      "__uuid__": "cd2fbe74-852b-4b4d-8402-1091e39867dd"
    },
    {
      "__uuid__": "2391dc02-f43a-49ac-b001-56f30b677e4e"
    },
    {
      "__uuid__": "f25395d7-7f68-4e2e-a15e-73563d951433"
    },
    {
      "__uuid__": "beb6e46c-c11d-4646-86e7-e27dac94bb16"
    },
    {
      "__uuid__": "4d22948b-3e74-485d-924b-5f9075b99b26"
    },
    {
      "__uuid__": "efb18fc8-3242-4116-865d-537032e5f438"
    },
    {
      "__uuid__": "44ca3128-0d19-4da8-b7e6-ee42ff8daf46"
    },
    {
      "__uuid__": "f409842f-5b3f-4f61-b0dd-3d1439eb8242"
    },
    {
      "__uuid__": "922b814a-ef23-421b-a02f-d61a870798b2"
    },
    {
      "__uuid__": "f7980bd9-ca40-4d92-9641-7e657519449a"
    },
    {
      "__uuid__": "75903dca-4133-4883-bcee-9633b3407ceb"
    },
    {
      "__uuid__": "2a9496a9-510d-497e-ab8c-f5477dd9edd3"
    },
    {
      "__uuid__": "46bd6615-2860-4abf-afba-ee73ad6dd119"
    }
  ],
  "textureNames": [
    "atlas.png",
    "../props n decorations/generic-rpg-mini-lake.png",
    "../props n decorations/generic-rpg-rock01.png",
    "../props n decorations/generic-rpg-rock02.png",
    "../props n decorations/generic-rpg-rock03.png",
    "../props n decorations/generic-rpg-rock04.png",
    "../props n decorations/generic-rpg-rock05.png",
    "../props n decorations/generic-rpg-rock06.png",
    "../props n decorations/generic-rpg-rod.png",
    "../props n decorations/generic-rpg-trasure-open.png",
    "../props n decorations/generic-rpg-treasure-closed.png",
    "../props n decorations/generic-rpg-tree01.png",
    "../props n decorations/generic-rpg-tree02.png",
    "../props n decorations/generic-rpg-barrel01.png",
    "../props n decorations/generic-rpg-barrel02.png",
    "../props n decorations/generic-rpg-barrel03.png",
    "../props n decorations/generic-rpg-board01.png",
    "../props n decorations/generic-rpg-board02.png",
    "../props n decorations/generic-rpg-board03.png",
    "../props n decorations/generic-rpg-board04.png",
    "../props n decorations/generic-rpg-bridge.png",
    "../props n decorations/generic-rpg-crate01.png",
    "../props n decorations/generic-rpg-crate02.png",
    "../props n decorations/generic-rpg-crate03.png",
    "../props n decorations/generic-rpg-fence01.png",
    "../props n decorations/generic-rpg-fence02.png",
    "../props n decorations/generic-rpg-fence03.png",
    "../props n decorations/generic-rpg-fence04.png",
    "../props n decorations/generic-rpg-fence05.png",
    "../props n decorations/generic-rpg-fence06.png",
    "../props n decorations/generic-rpg-fence07.png",
    "../props n decorations/generic-rpg-fence08.png",
    "../props n decorations/generic-rpg-fence09.png",
    "../props n decorations/generic-rpg-fence10.png",
    "../props n decorations/generic-rpg-fence11.png",
    "../props n decorations/generic-rpg-fence12.png",
    "../props n decorations/generic-rpg-fence13.png",
    "../props n decorations/generic-rpg-fence14.png",
    "../props n decorations/generic-rpg-fence-complete.png",
    "../props n decorations/generic-rpg-fence-raw01.png",
    "../props n decorations/generic-rpg-fence-raw02.png",
    "../props n decorations/generic-rpg-fence-raw03.png",
    "../props n decorations/generic-rpg-fence-raw04.png",
    "../props n decorations/generic-rpg-fence-raw05.png",
    "../props n decorations/generic-rpg-fence-raw06.png",
    "../props n decorations/generic-rpg-fence-raw07.png",
    "../props n decorations/generic-rpg-fence-raw08.png",
    "../props n decorations/generic-rpg-fence-raw09.png",
    "../props n decorations/generic-rpg-fence-raw10.png",
    "../props n decorations/generic-rpg-fence-raw11.png",
    "../props n decorations/generic-rpg-fence-raw12.png",
    "../props n decorations/generic-rpg-fence-raw13.png",
    "../props n decorations/generic-rpg-fence-raw14.png",
    "../props n decorations/generic-rpg-fence-raw15.png",
    "../props n decorations/generic-rpg-fence-raw16.png",
    "../props n decorations/generic-rpg-fence-raw17.png",
    "../props n decorations/generic-rpg-fence-raw18.png",
    "../props n decorations/generic-rpg-fence-raw19.png",
    "../props n decorations/generic-rpg-fence-raw20.png",
    "../props n decorations/generic-rpg-fence-raw21.png",
    "../props n decorations/generic-rpg-fence-raw22.png",
    "../props n decorations/generic-rpg-fence-raw23.png",
    "../props n decorations/generic-rpg-fence-raw24.png",
    "../props n decorations/generic-rpg-fence-raw25.png",
    "../props n decorations/generic-rpg-fish01.png",
    "../props n decorations/generic-rpg-fish02.png",
    "../props n decorations/generic-rpg-fish03.png",
    "../props n decorations/generic-rpg-fish04.png",
    "../props n decorations/generic-rpg-flower01.png",
    "../props n decorations/generic-rpg-flower02.png",
    "../props n decorations/generic-rpg-flower03.png",
    "../props n decorations/generic-rpg-flowers.png",
    "../props n decorations/generic-rpg-grass01.png",
    "../props n decorations/generic-rpg-grass02.png",
    "../props n decorations/generic-rpg-house-inn.png",
    "../props n decorations/generic-rpg-loot01.png",
    "../props n decorations/generic-rpg-loot02.png",
    "../props n decorations/generic-rpg-loot03.png",
    "../props n decorations/generic-rpg-loot04.png",
    "../props n decorations/generic-rpg-loot05.png"
  ],
  "textureSizes": [
    {
      "__type__": "cc.Size",
      "width": 512,
      "height": 512
    },
    {
      "__type__": "cc.Size",
      "width": 55,
      "height": 39
    },
    {
      "__type__": "cc.Size",
      "width": 16,
      "height": 8
    },
    {
      "__type__": "cc.Size",
      "width": 25,
      "height": 9
    },
    {
      "__type__": "cc.Size",
      "width": 23,
      "height": 11
    },
    {
      "__type__": "cc.Size",
      "width": 26,
      "height": 15
    },
    {
      "__type__": "cc.Size",
      "width": 21,
      "height": 15
    },
    {
      "__type__": "cc.Size",
      "width": 32,
      "height": 13
    },
    {
      "__type__": "cc.Size",
      "width": 14,
      "height": 33
    },
    {
      "__type__": "cc.Size",
      "width": 25,
      "height": 27
    },
    {
      "__type__": "cc.Size",
      "width": 25,
      "height": 21
    },
    {
      "__type__": "cc.Size",
      "width": 53,
      "height": 74
    },
    {
      "__type__": "cc.Size",
      "width": 53,
      "height": 74
    },
    {
      "__type__": "cc.Size",
      "width": 12,
      "height": 17
    },
    {
      "__type__": "cc.Size",
      "width": 17,
      "height": 17
    },
    {
      "__type__": "cc.Size",
      "width": 10,
      "height": 16
    },
    {
      "__type__": "cc.Size",
      "width": 16,
      "height": 15
    },
    {
      "__type__": "cc.Size",
      "width": 16,
      "height": 15
    },
    {
      "__type__": "cc.Size",
      "width": 18,
      "height": 22
    },
    {
      "__type__": "cc.Size",
      "width": 16,
      "height": 16
    },
    {
      "__type__": "cc.Size",
      "width": 58,
      "height": 56
    },
    {
      "__type__": "cc.Size",
      "width": 18,
      "height": 19
    },
    {
      "__type__": "cc.Size",
      "width": 24,
      "height": 21
    },
    {
      "__type__": "cc.Size",
      "width": 14,
      "height": 18
    },
    {
      "__type__": "cc.Size",
      "width": 16,
      "height": 16
    },
    {
      "__type__": "cc.Size",
      "width": 16,
      "height": 16
    },
    {
      "__type__": "cc.Size",
      "width": 16,
      "height": 16
    },
    {
      "__type__": "cc.Size",
      "width": 16,
      "height": 16
    },
    {
      "__type__": "cc.Size",
      "width": 16,
      "height": 16
    },
    {
      "__type__": "cc.Size",
      "width": 16,
      "height": 16
    },
    {
      "__type__": "cc.Size",
      "width": 16,
      "height": 16
    },
    {
      "__type__": "cc.Size",
      "width": 16,
      "height": 16
    },
    {
      "__type__": "cc.Size",
      "width": 16,
      "height": 16
    },
    {
      "__type__": "cc.Size",
      "width": 16,
      "height": 16
    },
    {
      "__type__": "cc.Size",
      "width": 16,
      "height": 16
    },
    {
      "__type__": "cc.Size",
      "width": 16,
      "height": 16
    },
    {
      "__type__": "cc.Size",
      "width": 16,
      "height": 16
    },
    {
      "__type__": "cc.Size",
      "width": 16,
      "height": 16
    },
    {
      "__type__": "cc.Size",
      "width": 67,
      "height": 62
    },
    {
      "__type__": "cc.Size",
      "width": 16,
      "height": 16
    },
    {
      "__type__": "cc.Size",
      "width": 16,
      "height": 16
    },
    {
      "__type__": "cc.Size",
      "width": 16,
      "height": 16
    },
    {
      "__type__": "cc.Size",
      "width": 16,
      "height": 16
    },
    {
      "__type__": "cc.Size",
      "width": 16,
      "height": 16
    },
    {
      "__type__": "cc.Size",
      "width": 16,
      "height": 16
    },
    {
      "__type__": "cc.Size",
      "width": 16,
      "height": 16
    },
    {
      "__type__": "cc.Size",
      "width": 16,
      "height": 16
    },
    {
      "__type__": "cc.Size",
      "width": 16,
      "height": 16
    },
    {
      "__type__": "cc.Size",
      "width": 16,
      "height": 16
    },
    {
      "__type__": "cc.Size",
      "width": 16,
      "height": 16
    },
    {
      "__type__": "cc.Size",
      "width": 16,
      "height": 16
    },
    {
      "__type__": "cc.Size",
      "width": 16,
      "height": 16
    },
    {
      "__type__": "cc.Size",
      "width": 16,
      "height": 16
    },
    {
      "__type__": "cc.Size",
      "width": 16,
      "height": 16
    },
    {
      "__type__": "cc.Size",
      "width": 16,
      "height": 16
    },
    {
      "__type__": "cc.Size",
      "width": 16,
      "height": 16
    },
    {
      "__type__": "cc.Size",
      "width": 16,
      "height": 16
    },
    {
      "__type__": "cc.Size",
      "width": 16,
      "height": 16
    },
    {
      "__type__": "cc.Size",
      "width": 16,
      "height": 16
    },
    {
      "__type__": "cc.Size",
      "width": 16,
      "height": 16
    },
    {
      "__type__": "cc.Size",
      "width": 16,
      "height": 48
    },
    {
      "__type__": "cc.Size",
      "width": 16,
      "height": 48
    },
    {
      "__type__": "cc.Size",
      "width": 48,
      "height": 16
    },
    {
      "__type__": "cc.Size",
      "width": 48,
      "height": 16
    },
    {
      "__type__": "cc.Size",
      "width": 7,
      "height": 7
    },
    {
      "__type__": "cc.Size",
      "width": 6,
      "height": 3
    },
    {
      "__type__": "cc.Size",
      "width": 4,
      "height": 4
    },
    {
      "__type__": "cc.Size",
      "width": 8,
      "height": 4
    },
    {
      "__type__": "cc.Size",
      "width": 8,
      "height": 7
    },
    {
      "__type__": "cc.Size",
      "width": 8,
      "height": 7
    },
    {
      "__type__": "cc.Size",
      "width": 8,
      "height": 7
    },
    {
      "__type__": "cc.Size",
      "width": 56,
      "height": 28
    },
    {
      "__type__": "cc.Size",
      "width": 13,
      "height": 7
    },
    {
      "__type__": "cc.Size",
      "width": 16,
      "height": 9
    },
    {
      "__type__": "cc.Size",
      "width": 70,
      "height": 88
    },
    {
      "__type__": "cc.Size",
      "width": 12,
      "height": 12
    },
    {
      "__type__": "cc.Size",
      "width": 11,
      "height": 11
    },
    {
      "__type__": "cc.Size",
      "width": 9,
      "height": 11
    },
    {
      "__type__": "cc.Size",
      "width": 9,
      "height": 11
    },
    {
      "__type__": "cc.Size",
      "width": 10,
      "height": 11
    }
  ],
  "imageLayerTextures": [],
  "imageLayerTextureNames": [],
  "tsxFiles": [],
  "tsxFileNames": []
}