{
  "__type__": "cc.AnimationClip",
  "_name": "walk_hurt",
  "_objFlags": 0,
  "_native": "",
  "_duration": 0.35,
  "sample": 60,
  "speed": 1,
  "wrapMode": 0,
  "curveData": {
    "comps": {
      "cc.Sprite": {
        "spriteFrame": [
          {
            "frame": 0,
            "value": {
              "__uuid__": "ab17809f-a849-4071-89a9-dc19c309a347"
            }
          },
          {
            "frame": 0.08333333333333333,
            "value": {
              "__uuid__": "f9b9bef8-2905-40cd-90f6-479382d7bec6"
            }
          },
          {
            "frame": 0.16666666666666666,
            "value": {
              "__uuid__": "db62d905-e82d-4275-b691-8cb482f264d3"
            }
          },
          {
            "frame": 0.25,
            "value": {
              "__uuid__": "0e5f5b1d-f298-4858-be3b-6baa65775aa8"
            }
          },
          {
            "frame": 0.3333333333333333,
            "value": {
              "__uuid__": "0e5f5b1d-f298-4858-be3b-6baa65775aa8"
            }
          }
        ]
      }
    }
  },
  "events": []
}