{
  "__type__": "cc.AnimationClip",
  "_name": "fakePlatform",
  "_objFlags": 0,
  "_native": "",
  "_duration": 0.5166666666666667,
  "sample": 60,
  "speed": 1,
  "wrapMode": 1,
  "curveData": {
    "comps": {
      "cc.Sprite": {
        "spriteFrame": [
          {
            "frame": 0,
            "value": {
              "__uuid__": "783508ce-0123-4db0-93ab-1752c3ab6236"
            }
          },
          {
            "frame": 0.08333333333333333,
            "value": {
              "__uuid__": "ab213129-0e6a-403d-bf8b-ac50aa622134"
            }
          },
          {
            "frame": 0.16666666666666666,
            "value": {
              "__uuid__": "6747e8ca-9e7e-4b6b-b7ed-f101f12fbe14"
            }
          },
          {
            "frame": 0.25,
            "value": {
              "__uuid__": "a837e7ac-2189-4d64-ab02-c6f69f51ac3a"
            }
          },
          {
            "frame": 0.3333333333333333,
            "value": {
              "__uuid__": "390705fe-0baf-42f4-8d5d-03282647f05a"
            }
          },
          {
            "frame": 0.4166666666666667,
            "value": {
              "__uuid__": "3bba7007-8ead-4cbf-b0ac-1eb6fe2c5ebb"
            }
          },
          {
            "frame": 0.5,
            "value": {
              "__uuid__": "783508ce-0123-4db0-93ab-1752c3ab6236"
            }
          }
        ]
      }
    }
  },
  "events": []
}