{
  "__type__": "cc.AnimationClip",
  "_name": "fall_side_hurt",
  "_objFlags": 0,
  "_native": "",
  "_duration": 0.35,
  "sample": 60,
  "speed": 1,
  "wrapMode": 0,
  "curveData": {
    "comps": {
      "cc.Sprite": {
        "spriteFrame": [
          {
            "frame": 0,
            "value": {
              "__uuid__": "e26fdd22-2267-432f-9814-f6884502b7f2"
            }
          },
          {
            "frame": 0.08333333333333333,
            "value": {
              "__uuid__": "e46d8a45-000d-4243-b966-6b4953cfcff6"
            }
          },
          {
            "frame": 0.16666666666666666,
            "value": {
              "__uuid__": "a870203b-5e5d-4a84-a2c5-f57fffe2f074"
            }
          },
          {
            "frame": 0.25,
            "value": {
              "__uuid__": "ebc3eff2-601f-4f4d-96dc-ba73d095fd41"
            }
          },
          {
            "frame": 0.3333333333333333,
            "value": {
              "__uuid__": "ebc3eff2-601f-4f4d-96dc-ba73d095fd41"
            }
          }
        ]
      }
    }
  },
  "events": []
}