{
  "9836134e-b892-4283-b6b2-78b5acf3ed45": {
    "asset": 1650294465578,
    "meta": 1652168811660,
    "relativePath": "effects"
  },
  "f8e6b000-5643-4b86-9080-aa680ce1f599": {
    "asset": 1650294465648,
    "meta": 1652168811661,
    "relativePath": "image"
  },
  "5c3eedba-6c41-4c0c-9ba7-d91f813cbd1c": {
    "asset": 1650294465654,
    "meta": 1652168811663,
    "relativePath": "materials"
  },
  "fc09f9bd-2cce-4605-b630-8145ef809ed6": {
    "asset": 1650294465663,
    "meta": 1652168811663,
    "relativePath": "misc"
  },
  "db019bf7-f71c-4111-98cf-918ea180cb48": {
    "asset": 1650294465699,
    "meta": 1652168811665,
    "relativePath": "model"
  },
  "f6e6dd15-71d1-4ffe-ace7-24fd39942c05": {
    "asset": 1650294465708,
    "meta": 1652168811665,
    "relativePath": "obsolete"
  },
  "f743d2b6-b7ea-4c14-a55b-547ed4d0a045": {
    "asset": 1650294465717,
    "meta": 1652168811666,
    "relativePath": "particle"
  },
  "ae6c6c98-11e4-452f-8758-75f5c6a56e83": {
    "asset": 1650294465821,
    "meta": 1652168811666,
    "relativePath": "prefab"
  },
  "d8afc78c-4eac-4a9f-83dd-67bc70344d33": {
    "asset": 1650294465861,
    "meta": 1652168811670,
    "relativePath": "resources"
  },
  "abc2cb62-7852-4525-a90d-d474487b88f2": {
    "asset": 1650294465561,
    "meta": 1652168811946,
    "relativePath": "effects\\builtin-phong.effect"
  },
  "e2f00085-c597-422d-9759-52c360279106": {
    "asset": 1650294465565,
    "meta": 1652168812022,
    "relativePath": "effects\\builtin-toon.effect"
  },
  "430eccbf-bf2c-4e6e-8c0c-884bbb487f32": {
    "asset": 1650294465570,
    "meta": 1652168812042,
    "relativePath": "effects\\__builtin-editor-gizmo-line.effect"
  },
  "6c5cf6e1-b044-4eac-9431-835644d57381": {
    "asset": 1650294465573,
    "meta": 1652168812056,
    "relativePath": "effects\\__builtin-editor-gizmo-unlit.effect"
  },
  "115286d1-2e10-49ee-aab4-341583f607e8": {
    "asset": 1650294465577,
    "meta": 1652168812096,
    "relativePath": "effects\\__builtin-editor-gizmo.effect"
  },
  "e851e89b-faa2-4484-bea6-5c01dd9f06e2": {
    "asset": 1650294465589,
    "meta": 1652168812135,
    "relativePath": "image\\default_btn_normal.png"
  },
  "d81ec8ad-247c-4e62-aa3c-d35c4193c7af": {
    "asset": 1650294465599,
    "meta": 1652168812138,
    "relativePath": "image\\default_panel.png"
  },
  "edd215b9-2796-4a05-aaf5-81f96c9281ce": {
    "asset": 1650294465596,
    "meta": 1652168812141,
    "relativePath": "image\\default_editbox_bg.png"
  },
  "71561142-4c83-4933-afca-cb7a17f67053": {
    "asset": 1650294465586,
    "meta": 1652168812143,
    "relativePath": "image\\default_btn_disabled.png"
  },
  "cfef78f1-c8df-49b7-8ed0-4c953ace2621": {
    "asset": 1650294465603,
    "meta": 1652168812147,
    "relativePath": "image\\default_progressbar.png"
  },
  "99170b0b-d210-46f1-b213-7d9e3f23098a": {
    "asset": 1650294465607,
    "meta": 1652168812149,
    "relativePath": "image\\default_progressbar_bg.png"
  },
  "b43ff3c2-02bb-4874-81f7-f2dea6970f18": {
    "asset": 1650294465594,
    "meta": 1652168812152,
    "relativePath": "image\\default_btn_pressed.png"
  },
  "600301aa-3357-4a10-b086-84f011fa32ba": {
    "asset": 1650294465583,
    "meta": 1652168812154,
    "relativePath": "image\\default-particle.png"
  },
  "0275e94c-56a7-410f-bd1a-fc7483f7d14a": {
    "asset": 1650294465633,
    "meta": 1652168812178,
    "relativePath": "image\\default_sprite_splash.png"
  },
  "0291c134-b3da-4098-b7b5-e397edbe947f": {
    "asset": 1650294465617,
    "meta": 1652168812181,
    "relativePath": "image\\default_scrollbar.png"
  },
  "567dcd80-8bf4-4535-8a5a-313f1caf078a": {
    "asset": 1650294465609,
    "meta": 1652168812184,
    "relativePath": "image\\default_radio_button_off.png"
  },
  "4bab67cb-18e6-4099-b840-355f0473f890": {
    "asset": 1650294465620,
    "meta": 1652168812187,
    "relativePath": "image\\default_scrollbar_bg.png"
  },
  "e39e96e6-6f6e-413f-bcf1-ac7679bb648a": {
    "asset": 1650294465694,
    "meta": 1652168812199,
    "relativePath": "model\\prefab"
  },
  "9d60001f-b5f4-4726-a629-2659e3ded0b8": {
    "asset": 1650294465614,
    "meta": 1652168812190,
    "relativePath": "image\\default_radio_button_on.png"
  },
  "d6d3ca85-4681-47c1-b5dd-d036a9d39ea2": {
    "asset": 1650294465624,
    "meta": 1652168812193,
    "relativePath": "image\\default_scrollbar_vertical.png"
  },
  "c4480a0a-6ac5-443f-8b40-361a14257fc8": {
    "asset": 1650294465653,
    "meta": 1652168812742,
    "relativePath": "materials\\builtin-phong.mtl"
  },
  "617323dd-11f4-4dd3-8eec-0caf6b3b45b9": {
    "asset": 1650294465628,
    "meta": 1652168812197,
    "relativePath": "image\\default_scrollbar_vertical_bg.png"
  },
  "6e056173-d285-473c-b206-40a7fff5386e": {
    "asset": 1650294465630,
    "meta": 1652168812259,
    "relativePath": "image\\default_sprite.png"
  },
  "c25b9d50-c8fc-4d27-beeb-6e7c1f2e5c0f": {
    "asset": 1650294465640,
    "meta": 1652168812280,
    "relativePath": "image\\default_toggle_disabled.png"
  },
  "b181c1e4-0a72-4a91-bfb0-ae6f36ca60bd": {
    "asset": 1650294465647,
    "meta": 1652168812284,
    "relativePath": "image\\default_toggle_pressed.png"
  },
  "897ef7a1-4860-4f64-968d-f5924b18668a": {
    "asset": 1650294465721,
    "meta": 1652168812300,
    "relativePath": "prefab\\2d-camera.prefab"
  },
  "70d7cdb0-04cd-41bb-9480-c06a4785f386": {
    "asset": 1650294465726,
    "meta": 1652168812303,
    "relativePath": "prefab\\3d-camera.prefab"
  },
  "73a0903d-d80e-4e3c-aa67-f999543c08f5": {
    "asset": 1650294465637,
    "meta": 1652168812286,
    "relativePath": "image\\default_toggle_checkmark.png"
  },
  "2be36297-9abb-4fee-8049-9ed5e271da8a": {
    "asset": 1650294465662,
    "meta": 1652168812305,
    "relativePath": "misc\\default_video.mp4"
  },
  "d29077ba-1627-4a72-9579-7b56a235340c": {
    "asset": 1650294465643,
    "meta": 1652168812289,
    "relativePath": "image\\default_toggle_normal.png"
  },
  "70bbeb73-6dc2-4ee4-8faf-76b3a0e34ec4": {
    "asset": 1650294465730,
    "meta": 1652168812312,
    "relativePath": "prefab\\3d-particle.prefab"
  },
  "a3ee0214-b432-4865-9666-4a3211814282": {
    "asset": 1650294465765,
    "meta": 1652168812317,
    "relativePath": "prefab\\light"
  },
  "8a96b965-2dc0-4e03-aa90-3b79cb93b5b4": {
    "asset": 1650294465707,
    "meta": 1652168812308,
    "relativePath": "obsolete\\atom.png"
  },
  "ed88f13d-fcad-4848-aa35-65a2cb973584": {
    "asset": 1650294465734,
    "meta": 1652168812320,
    "relativePath": "prefab\\3d-stage.prefab"
  },
  "972b9a4d-47ee-4c74-b5c3-61d8a69bc29f": {
    "asset": 1650294465737,
    "meta": 1652168812323,
    "relativePath": "prefab\\button.prefab"
  },
  "2c937608-2562-40ea-b264-7395df6f0cea": {
    "asset": 1650294465740,
    "meta": 1652168812325,
    "relativePath": "prefab\\canvas.prefab"
  },
  "d0a82d39-bede-46c4-b698-c81ff0dedfff": {
    "asset": 1650294465716,
    "meta": 1652168812315,
    "relativePath": "particle\\atom.png"
  },
  "27756ebb-3d33-44b0-9b96-e858fadd4dd4": {
    "asset": 1650294465746,
    "meta": 1652168812332,
    "relativePath": "prefab\\label.prefab"
  },
  "61aeb05b-3b32-452b-8eed-2b76deeed554": {
    "asset": 1650294465742,
    "meta": 1652168812334,
    "relativePath": "prefab\\editbox.prefab"
  },
  "785a442c-3ceb-45be-a46e-7317f625f3b9": {
    "asset": 1650294465751,
    "meta": 1652168812337,
    "relativePath": "prefab\\layout.prefab"
  },
  "cd33edea-55f5-46c2-958d-357a01384a36": {
    "asset": 1650294465772,
    "meta": 1652168812341,
    "relativePath": "prefab\\particlesystem.prefab"
  },
  "ca8401fe-ad6e-41a8-bd46-8e3e4e9945be": {
    "asset": 1650294465769,
    "meta": 1652168812345,
    "relativePath": "prefab\\pageview.prefab"
  },
  "5965ffac-69da-4b55-bcde-9225d0613c28": {
    "asset": 1650294465776,
    "meta": 1652168812349,
    "relativePath": "prefab\\progressBar.prefab"
  },
  "96083d03-c332-4a3f-9386-d03e2d19e8ee": {
    "asset": 1650294465788,
    "meta": 1652168812352,
    "relativePath": "prefab\\sprite.prefab"
  },
  "32044bd2-481f-4cf1-a656-e2b2fb1594eb": {
    "asset": 1650294465782,
    "meta": 1652168812355,
    "relativePath": "prefab\\scrollview.prefab"
  },
  "4a37dd57-78cd-4cec-aad4-f11a73d12b63": {
    "asset": 1650294465778,
    "meta": 1652168812357,
    "relativePath": "prefab\\richtext.prefab"
  },
  "0004d1cf-a0ad-47d8-ab17-34d3db9d35a3": {
    "asset": 1650294465785,
    "meta": 1652168812361,
    "relativePath": "prefab\\slider.prefab"
  },
  "7de03a80-4457-438d-95a7-3e7cdffd6086": {
    "asset": 1650294465796,
    "meta": 1652168812364,
    "relativePath": "prefab\\tiledmap.prefab"
  },
  "1f55e3be-b89b-4b79-88de-47fd31018044": {
    "asset": 1650294465792,
    "meta": 1652168812367,
    "relativePath": "prefab\\sprite_splash.prefab"
  },
  "294c1663-4adf-4a1e-a795-53808011a38a": {
    "asset": 1650294465858,
    "meta": 1652168812368,
    "relativePath": "resources\\effects"
  },
  "bbee2217-c261-49bd-a8ce-708d6bcc3500": {
    "asset": 1650294465894,
    "meta": 1652168812370,
    "relativePath": "resources\\materials"
  },
  "0e42ba95-1fa1-46aa-b2cf-143cd1bcee2c": {
    "asset": 1650294465798,
    "meta": 1652168812371,
    "relativePath": "prefab\\tiledtile.prefab"
  },
  "0d784963-d024-4ea6-a7db-03be0ad63010": {
    "asset": 1650294465803,
    "meta": 1652168812374,
    "relativePath": "prefab\\toggle.prefab"
  },
  "bf0a434c-84dd-4a8e-a08a-7a36f180cc75": {
    "asset": 1650294465809,
    "meta": 1652168812380,
    "relativePath": "prefab\\toggleContainer.prefab"
  },
  "d1b8be49-b0a0-435c-83b7-552bed4bbe35": {
    "asset": 1650294465814,
    "meta": 1652168812383,
    "relativePath": "prefab\\toggleGroup.prefab"
  },
  "232d2782-c4bd-4bb4-9e01-909f03d6d3b9": {
    "asset": 1650294465817,
    "meta": 1652168812386,
    "relativePath": "prefab\\videoplayer.prefab"
  },
  "8c5001fd-07ee-4a4b-a8a0-63e15195e94d": {
    "asset": 1650294465820,
    "meta": 1652168812390,
    "relativePath": "prefab\\webview.prefab"
  },
  "a87cc147-01b2-43f8-8e42-a7ca90b0c757": {
    "asset": 1650294465670,
    "meta": 1652168812393,
    "relativePath": "model\\prefab\\box.prefab"
  },
  "fe1417b6-fe6b-46a4-ae7c-9fd331f33a2a": {
    "asset": 1650294465673,
    "meta": 1652168812396,
    "relativePath": "model\\prefab\\capsule.prefab"
  },
  "b5fc2cf2-7942-483d-be1f-bbeadc4714ad": {
    "asset": 1650294465675,
    "meta": 1652168812400,
    "relativePath": "model\\prefab\\cone.prefab"
  },
  "3f376125-a699-40ca-ad05-04d662eaa1f2": {
    "asset": 1650294465682,
    "meta": 1652168812403,
    "relativePath": "model\\prefab\\plane.prefab"
  },
  "1c5e4038-953a-44c2-b620-0bbfc6170477": {
    "asset": 1650294465678,
    "meta": 1652168812406,
    "relativePath": "model\\prefab\\cylinder.prefab"
  },
  "6c9ef10d-b479-420b-bfe6-39cdda6a8ae0": {
    "asset": 1650294465685,
    "meta": 1652168812409,
    "relativePath": "model\\prefab\\quad.prefab"
  },
  "30682f87-9f0d-4f17-8a44-72863791461b": {
    "asset": 1650294465828,
    "meta": 1652168812427,
    "relativePath": "resources\\effects\\builtin-2d-graphics.effect"
  },
  "de510076-056b-484f-b94c-83bef217d0e1": {
    "asset": 1650294465692,
    "meta": 1652168812430,
    "relativePath": "model\\prefab\\torus.prefab"
  },
  "144c3297-af63-49e8-b8ef-1cfa29b3be28": {
    "asset": 1650294465832,
    "meta": 1652168812447,
    "relativePath": "resources\\effects\\builtin-2d-gray-sprite.effect"
  },
  "2d9a4b85-b0ab-4c46-84c5-18f393ab2058": {
    "asset": 1650294465688,
    "meta": 1652168812450,
    "relativePath": "model\\prefab\\sphere.prefab"
  },
  "f18742d7-56d2-4eb5-ae49-2d9d710b37c8": {
    "asset": 1650294465834,
    "meta": 1652168812464,
    "relativePath": "resources\\effects\\builtin-2d-label.effect"
  },
  "0e93aeaa-0b53-4e40-b8e0-6268b4e07bd7": {
    "asset": 1650294465840,
    "meta": 1652168812476,
    "relativePath": "resources\\effects\\builtin-2d-spine.effect"
  },
  "2874f8dd-416c-4440-81b7-555975426e93": {
    "asset": 1650294465842,
    "meta": 1652168812487,
    "relativePath": "resources\\effects\\builtin-2d-sprite.effect"
  },
  "829a282c-b049-4019-bd38-5ace8d8a6417": {
    "asset": 1650294465846,
    "meta": 1652168812550,
    "relativePath": "resources\\effects\\builtin-3d-particle.effect"
  },
  "61906da3-7003-4bda-9abc-5769c76faee4": {
    "asset": 1650294465755,
    "meta": 1652168812552,
    "relativePath": "prefab\\light\\ambient.prefab"
  },
  "2a7c0036-e0b3-4fe1-8998-89a54b8a2bec": {
    "asset": 1650294465850,
    "meta": 1652168812578,
    "relativePath": "resources\\effects\\builtin-3d-trail.effect"
  },
  "ddb99b39-7004-47cd-9705-751905c43c46": {
    "asset": 1650294465760,
    "meta": 1652168812580,
    "relativePath": "prefab\\light\\directional.prefab"
  },
  "c0040c95-c57f-49cd-9cbc-12316b73d0d4": {
    "asset": 1650294465853,
    "meta": 1652168812595,
    "relativePath": "resources\\effects\\builtin-clear-stencil.effect"
  },
  "6d91e591-4ce0-465c-809f-610ec95019c6": {
    "asset": 1650294465856,
    "meta": 1652168812621,
    "relativePath": "resources\\effects\\builtin-unlit.effect"
  },
  "0cf30284-9073-46bc-9eba-e62b69dbbff3": {
    "asset": 1650294465762,
    "meta": 1652168812637,
    "relativePath": "prefab\\light\\point.prefab"
  },
  "f5331fd2-bf42-4ee3-a3fd-3e1657600eff": {
    "asset": 1650294465765,
    "meta": 1652168812640,
    "relativePath": "prefab\\light\\spot.prefab"
  },
  "6f801092-0c37-4f30-89ef-c8d960825b36": {
    "asset": 1650294465863,
    "meta": 1652168812759,
    "relativePath": "resources\\materials\\builtin-2d-base.mtl"
  },
  "a153945d-2511-4c14-be7b-05d242f47d57": {
    "asset": 1650294465865,
    "meta": 1652168812760,
    "relativePath": "resources\\materials\\builtin-2d-graphics.mtl"
  },
  "e02d87d4-e599-4d16-8001-e14891ac6506": {
    "asset": 1650294465872,
    "meta": 1652168812761,
    "relativePath": "resources\\materials\\builtin-2d-label.mtl"
  },
  "3a7bb79f-32fd-422e-ada2-96f518fed422": {
    "asset": 1650294465869,
    "meta": 1652168812762,
    "relativePath": "resources\\materials\\builtin-2d-gray-sprite.mtl"
  },
  "7afd064b-113f-480e-b793-8817d19f63c3": {
    "asset": 1650294465875,
    "meta": 1652168812770,
    "relativePath": "resources\\materials\\builtin-2d-spine.mtl"
  },
  "466d4f9b-e5f4-4ea8-85d5-3c6e9a65658a": {
    "asset": 1650294465886,
    "meta": 1652168812771,
    "relativePath": "resources\\materials\\builtin-3d-trail.mtl"
  },
  "eca5d2f2-8ef6-41c2-bbe6-f9c79d09c432": {
    "asset": 1650294465878,
    "meta": 1652168812772,
    "relativePath": "resources\\materials\\builtin-2d-sprite.mtl"
  },
  "2a296057-247c-4a1c-bbeb-0548b6c98650": {
    "asset": 1650294465893,
    "meta": 1652168812773,
    "relativePath": "resources\\materials\\builtin-unlit.mtl"
  },
  "cf7e0bb8-a81c-44a9-ad79-d28d43991032": {
    "asset": 1650294465890,
    "meta": 1652168812773,
    "relativePath": "resources\\materials\\builtin-clear-stencil.mtl"
  },
  "432fa09c-cf03-4cff-a186-982604408a07": {
    "asset": 1650294465883,
    "meta": 1652168812774,
    "relativePath": "resources\\materials\\builtin-3d-particle.mtl"
  },
  "b8223619-7e38-47c4-841f-9160c232495a": {
    "asset": 1650294465704,
    "meta": 1652168812787,
    "relativePath": "obsolete\\atom.plist"
  },
  "b2687ac4-099e-403c-a192-ff477686f4f5": {
    "asset": 1650294465712,
    "meta": 1652168812787,
    "relativePath": "particle\\atom.plist"
  },
  "954fec8b-cd16-4bb9-a3b7-7719660e7558": {
    "asset": 1650294465697,
    "meta": 1652168817854,
    "relativePath": "model\\primitives.fbx"
  },
  "39c0c26f-77fd-4750-991b-013923cab544": {
    "asset": 1652167929000,
    "meta": 1652168818020,
    "relativePath": "Animations"
  },
  "9c85cc10-0d77-4480-86a2-f81016d0f6d4": {
    "asset": 1652167929000,
    "meta": 1652168818024,
    "relativePath": "Atlas"
  },
  "79af84ff-74aa-4357-b7e7-81c67143a51e": {
    "asset": 1652167929000,
    "meta": 1652168818026,
    "relativePath": "Audios"
  },
  "3c177584-12db-4a6b-8ca4-29aa81ba6c56": {
    "asset": 1652167929000,
    "meta": 1652168818028,
    "relativePath": "Fonts"
  },
  "93f08a09-610f-4fc0-b548-120238febaee": {
    "asset": 1652168817919,
    "meta": 1652168818032,
    "relativePath": "migration"
  },
  "48192215-9c53-4ecb-973f-72e9b6cf53e2": {
    "asset": 1652167929000,
    "meta": 1652168818033,
    "relativePath": "Pictures"
  },
  "979f1373-61a5-49aa-b7d3-9b0e5d22070e": {
    "asset": 1652167929000,
    "meta": 1652168818037,
    "relativePath": "Prefabs"
  },
  "ce290d8d-5263-421d-8f5e-00b8b915c394": {
    "asset": 1652167929000,
    "meta": 1652168818041,
    "relativePath": "Scenes"
  },
  "8652ef5c-649f-4f3f-8a35-bd735503d46e": {
    "asset": 1652167929000,
    "meta": 1652168818044,
    "relativePath": "Scripts"
  },
  "3e660b90-c5b6-4887-912c-c7e23926c60f": {
    "asset": 1652167929000,
    "meta": 1652168818060,
    "relativePath": "Animations\\fakePlatform.anim"
  },
  "1dc1c633-01b3-4007-8f88-5b9ab7a492d5": {
    "asset": 1652167929000,
    "meta": 1652168818063,
    "relativePath": "Animations\\ConveyorPlatform.anim"
  },
  "acec14dc-53bb-4eb0-ac93-cf2db598e851": {
    "asset": 1652167929000,
    "meta": 1652168818068,
    "relativePath": "Animations\\fall_side.anim"
  },
  "7a669c94-6fff-43fd-80a7-c640cb432a77": {
    "asset": 1652167929000,
    "meta": 1652168818096,
    "relativePath": "Animations\\fall_side_hurt.anim"
  },
  "8ae3400e-3405-4a4f-b009-f2d5a5c2d264": {
    "asset": 1652167929000,
    "meta": 1652168818102,
    "relativePath": "Animations\\fall_front.anim"
  },
  "2139fdd5-3abf-4333-b308-138c2170fa09": {
    "asset": 1652167929000,
    "meta": 1652168819439,
    "relativePath": "Atlas\\platform.plist"
  },
  "a5554cd6-b5d4-4bfe-a74d-ce328b01ce68": {
    "asset": 1652167929000,
    "meta": 1652168819543,
    "relativePath": "Atlas\\player.plist"
  },
  "7b5a410d-0672-49b7-a88a-bf4521475a7f": {
    "asset": 1652167929000,
    "meta": 1652168818132,
    "relativePath": "Animations\\trampolinePlatform.anim"
  },
  "32a36ad2-0a95-437b-a9b5-f79067581843": {
    "asset": 1652167929000,
    "meta": 1652168818138,
    "relativePath": "Animations\\idle_hurt.anim"
  },
  "d1dab4f9-80d7-4c08-b8e9-8b9e22141b4e": {
    "asset": 1652167929000,
    "meta": 1652168818166,
    "relativePath": "Animations\\fall_front_hurt.anim"
  },
  "12c4667e-c474-4fdb-a24d-da95dda2b221": {
    "asset": 1652167929000,
    "meta": 1652168818174,
    "relativePath": "Animations\\walk.anim"
  },
  "ab428d85-ac5d-4835-9d54-4e9e8b1a3b02": {
    "asset": 1652167929000,
    "meta": 1652168818177,
    "relativePath": "Animations\\walk_hurt.anim"
  },
  "2a6b53f3-125f-4b32-906e-5e4adac3574d": {
    "asset": 1652167929000,
    "meta": 1652168818191,
    "relativePath": "Atlas\\platform.png"
  },
  "ba5a1cbe-e748-4cda-994e-bf8c34a1df3a": {
    "asset": 1652167929000,
    "meta": 1652168818196,
    "relativePath": "Atlas\\player.png"
  },
  "d75da773-157f-42b0-b92a-336118ad8b5f": {
    "asset": 1652167929000,
    "meta": 1652168818667,
    "relativePath": "Audios\\fake.wav"
  },
  "fdf04a11-cf2c-47d5-999d-5642ef7b3cfe": {
    "asset": 1652167929000,
    "meta": 1652168819550,
    "relativePath": "Fonts\\font_big.fnt"
  },
  "19bafc94-6bdd-4473-b17b-13c8ce626aa2": {
    "asset": 1652167929000,
    "meta": 1652168818674,
    "relativePath": "Audios\\normal.wav"
  },
  "9ad07209-9031-45be-abb5-b5972bb240dc": {
    "asset": 1652167929000,
    "meta": 1652168819555,
    "relativePath": "Fonts\\font_small.fnt"
  },
  "e956e1e2-f8a8-4aca-bf90-37e003f912a6": {
    "asset": 1652167929000,
    "meta": 1652168818681,
    "relativePath": "Audios\\trampoline.wav"
  },
  "100f89ac-ba0b-4304-88ba-c420d98581b3": {
    "asset": 1652167929000,
    "meta": 1652168818684,
    "relativePath": "Audios\\nails.wav"
  },
  "84727e55-ff61-4eeb-81bf-526a1808cc21": {
    "asset": 1652168810140,
    "meta": 1652168818771,
    "relativePath": "migration\\use_reversed_rotateTo.js"
  },
  "6c796579-7045-4b0e-9857-c0dbf52026db": {
    "asset": 1652167929000,
    "meta": 1652168818778,
    "relativePath": "Audios\\pause.wav"
  },
  "fa18b8ec-97a3-4381-b037-28a5781d0c54": {
    "asset": 1652167929000,
    "meta": 1652168818781,
    "relativePath": "Audios\\conveyor.wav"
  },
  "f888a7db-6ffc-496b-933a-528b52293b44": {
    "asset": 1652167929000,
    "meta": 1652168818793,
    "relativePath": "Audios\\die.wav"
  },
  "d3504f8a-03a5-463b-8e7c-14b05308ee48": {
    "asset": 1652167929000,
    "meta": 1652168818815,
    "relativePath": "Fonts\\font_small.png"
  },
  "5ad27364-230e-4827-bc9d-45eebe0ae8be": {
    "asset": 1652167929000,
    "meta": 1652168818820,
    "relativePath": "Fonts\\font_big.png"
  },
  "1db19d03-bd09-4b87-bf22-54e92c16b75a": {
    "asset": 1652168818857,
    "meta": 1652168818859,
    "relativePath": "Prefabs\\Conveyor.prefab"
  },
  "a49aa1d2-6482-4b37-847c-6a6b75ecf02f": {
    "asset": 1652168818864,
    "meta": 1652168818866,
    "relativePath": "Prefabs\\Fake.prefab"
  },
  "b3be0661-853a-4610-afa3-c0eeb8fd4cab": {
    "asset": 1652167929000,
    "meta": 1652168818826,
    "relativePath": "Pictures\\ceiling.png"
  },
  "2270658e-17a0-4a3c-a71e-cf66e1f75930": {
    "asset": 1652167929000,
    "meta": 1652168818830,
    "relativePath": "Pictures\\background.png"
  },
  "deb167c6-6538-46ab-a689-15714202c5fe": {
    "asset": 1652168818880,
    "meta": 1652168818883,
    "relativePath": "Prefabs\\Nails.prefab"
  },
  "ec024c71-a539-4d11-9f8c-a973ed08b3ef": {
    "asset": 1652168818888,
    "meta": 1652168818889,
    "relativePath": "Prefabs\\Normal.prefab"
  },
  "0b2c510c-a14d-4f95-9369-888bf4b45f64": {
    "asset": 1652167929000,
    "meta": 1652168818837,
    "relativePath": "Pictures\\panel.png"
  },
  "bd7830a4-cf97-411e-b2c8-36b479d93735": {
    "asset": 1652168819065,
    "meta": 1652168819067,
    "relativePath": "Prefabs\\Trampoline.prefab"
  },
  "a3e6d067-7bf2-48e2-bb1c-4e33d9f21c85": {
    "asset": 1652167929000,
    "meta": 1652168819137,
    "relativePath": "Scripts\\Platform.ts"
  },
  "c7c941a2-0dba-45ea-abbd-aff735db03ed": {
    "asset": 1652167929000,
    "meta": 1652168818870,
    "relativePath": "Pictures\\demo.PNG"
  },
  "3cd2f165-801a-4f21-834d-fc62364b8dbe": {
    "asset": 1652167929000,
    "meta": 1652168819263,
    "relativePath": "Scripts\\Player.ts"
  },
  "04cee87f-c06e-4ee4-82a7-dc1b33311941": {
    "asset": 1652168819272,
    "meta": 1652168819274,
    "relativePath": "Scenes\\game.fire"
  },
  "9400aba0-68b9-469e-8fe1-987b1688f4a0": {
    "asset": 1652167929000,
    "meta": 1652168819309,
    "relativePath": "Audios\\BGM.wav"
  },
  "ccc42255-7ba8-4c1e-93e4-a61b8a458f61": {
    "asset": 1652167929000,
    "meta": 1652168819140,
    "relativePath": "Pictures\\pause.png"
  },
  "cbb7afa4-47a3-4528-9e31-9054dc40633c": {
    "asset": 1652167929000,
    "meta": 1652168819324,
    "relativePath": "Pictures\\UI_BG.png"
  },
  "4d375733-ce18-4003-85c7-00ceb7de3570": {
    "asset": 1652167929000,
    "meta": 1652168819326,
    "relativePath": "Pictures\\wall.png"
  },
  "50716806-2c56-4a21-802a-2d5ecde367b0": {
    "asset": 1652167929000,
    "meta": 1652168819347,
    "relativePath": "Pictures\\start.png"
  },
  "9eafaea8-25f8-4bd9-8693-d88acc93c8cf": {
    "asset": 1652169364362,
    "meta": 1652169366840,
    "relativePath": "Scripts\\GameMgr.ts"
  }
}