{
  "__type__": "cc.AnimationClip",
  "_name": "idle_hurt",
  "_objFlags": 0,
  "_native": "",
  "_duration": 0.35,
  "sample": 60,
  "speed": 1,
  "wrapMode": 0,
  "curveData": {
    "comps": {
      "cc.Sprite": {
        "spriteFrame": [
          {
            "frame": 0,
            "value": {
              "__uuid__": "8c2a4c5d-8c35-4088-a217-99d932634d08"
            }
          },
          {
            "frame": 0.08333333333333333,
            "value": {
              "__uuid__": "8cb962f3-fd97-449b-af45-369044060afe"
            }
          },
          {
            "frame": 0.16666666666666666,
            "value": {
              "__uuid__": "8c2a4c5d-8c35-4088-a217-99d932634d08"
            }
          },
          {
            "frame": 0.25,
            "value": {
              "__uuid__": "8cb962f3-fd97-449b-af45-369044060afe"
            }
          },
          {
            "frame": 0.3333333333333333,
            "value": {
              "__uuid__": "8cb962f3-fd97-449b-af45-369044060afe"
            }
          }
        ]
      }
    }
  },
  "events": []
}