{
  "version": "1.1.1",
  "windows": {
    "main": {
      "main": true,
      "url": "app://editor/index.html",
      "windowType": "dockable",
      "x": 152,
      "y": 60,
      "width": 1280,
      "height": 720,
      "layout": {
        "children": [
          {
            "children": [
              {
                "active": 0,
                "children": [
                  "hierarchy"
                ],
                "height": 300.1000061035156,
                "type": "panel",
                "width": 204
              },
              {
                "active": 0,
                "children": [
                  "assets"
                ],
                "height": 301.1000061035156,
                "type": "panel",
                "width": 204
              }
            ],
            "height": 604.2000122070312,
            "type": "dock-v",
            "width": 204
          },
          {
            "children": [
              {
                "children": [
                  {
                    "active": 0,
                    "children": [
                      "scene"
                    ],
                    "height": 302.1000061035156,
                    "type": "panel",
                    "width": 485.5375061035156
                  },
                  {
                    "active": 0,
                    "children": [
                      "node-library"
                    ],
                    "height": 302.1000061035156,
                    "type": "panel",
                    "width": 264.75
                  }
                ],
                "height": 302.1000061035156,
                "type": "dock-h",
                "width": 753.2875366210938
              },
              {
                "active": 1,
                "children": [
                  "console",
                  "timeline",
                  "game-window"
                ],
                "height": 299.0874938964844,
                "type": "panel",
                "width": 753.2875366210938
              }
            ],
            "height": 604.2000122070312,
            "type": "dock-v",
            "width": 753.2875366210938
          },
          {
            "active": 0,
            "children": [
              "inspector",
              "cocos-services"
            ],
            "height": 604.2000122070312,
            "type": "panel",
            "width": 304.7124938964844
          }
        ],
        "type": "dock-h"
      },
      "panels": [
        "hierarchy",
        "assets",
        "scene",
        "node-library",
        "console",
        "timeline",
        "game-window",
        "inspector",
        "cocos-services"
      ]
    }
  },
  "panels": {},
  "panelLabelWidth": {
    "inspector": null
  },
  "panelLabelWidth.inspector": null
}
