{
  "__type__": "cc.AnimationClip",
  "_name": "fall_side",
  "_objFlags": 0,
  "_native": "",
  "_duration": 0.35,
  "sample": 60,
  "speed": 1,
  "wrapMode": 2,
  "curveData": {
    "comps": {
      "cc.Sprite": {
        "spriteFrame": [
          {
            "frame": 0,
            "value": {
              "__uuid__": "57767a70-0940-4a1d-adcd-f9f4442a9636"
            }
          },
          {
            "frame": 0.08333333333333333,
            "value": {
              "__uuid__": "79dce86a-5cf7-4d62-9f97-4e97310535e0"
            }
          },
          {
            "frame": 0.16666666666666666,
            "value": {
              "__uuid__": "ddcdb0af-5280-444c-a059-602b7d405094"
            }
          },
          {
            "frame": 0.25,
            "value": {
              "__uuid__": "20520cbb-e08d-42dd-b31a-3a437a3f5180"
            }
          },
          {
            "frame": 0.3333333333333333,
            "value": {
              "__uuid__": "20520cbb-e08d-42dd-b31a-3a437a3f5180"
            }
          }
        ]
      }
    }
  },
  "events": []
}