{
  "__type__": "cc.AnimationClip",
  "_name": "walk",
  "_objFlags": 0,
  "_native": "",
  "_duration": 0.35,
  "sample": 60,
  "speed": 2.2,
  "wrapMode": 2,
  "curveData": {
    "comps": {
      "cc.Sprite": {
        "spriteFrame": [
          {
            "frame": 0,
            "value": {
              "__uuid__": "eb1688a8-c43c-4959-b643-054242ae0da0"
            }
          },
          {
            "frame": 0.08333333333333333,
            "value": {
              "__uuid__": "6f682a2b-7604-4a4e-82f0-9260bdf5837e"
            }
          },
          {
            "frame": 0.16666666666666666,
            "value": {
              "__uuid__": "0feb192f-d08d-4938-aa8e-a6b1fd289ee1"
            }
          },
          {
            "frame": 0.25,
            "value": {
              "__uuid__": "8d810264-3ec1-4915-8673-66a675776ec0"
            }
          },
          {
            "frame": 0.3333333333333333,
            "value": {
              "__uuid__": "eb1688a8-c43c-4959-b643-054242ae0da0"
            }
          }
        ]
      }
    }
  },
  "events": []
}