{
  "__type__": "cc.AnimationClip",
  "_name": "jump",
  "_objFlags": 0,
  "_native": "",
  "_duration": 0.35,
  "sample": 60,
  "speed": 1,
  "wrapMode": 1,
  "curveData": {
    "comps": {
      "cc.Sprite": {
        "spriteFrame": [
          {
            "frame": 0,
            "value": {
              "__uuid__": "9ee381f1-dba0-4c25-83d2-d98b2ba22b12"
            }
          },
          {
            "frame": 0.3333333333333333,
            "value": {
              "__uuid__": "f9dd9c92-f54b-426e-958b-7fbb33b60043"
            }
          }
        ]
      }
    }
  },
  "events": []
}