{
  "__type__": "cc.SpriteAtlas",
  "_name": "bullet.plist",
  "_objFlags": 0,
  "_native": "",
  "_spriteFrames": {
    "bullet1": {
      "__uuid__": "7747fc75-8311-4844-90a8-6baf5b87edb4"
    },
    "bullet10": {
      "__uuid__": "87ca10ab-97b1-4b93-bfb5-3cd1c0460aa7"
    },
    "bullet2": {
      "__uuid__": "2d390518-b110-496e-9e03-480eeff2b308"
    },
    "bullet3": {
      "__uuid__": "5fc72985-c135-4e61-9372-a3d89b8f02c6"
    },
    "bullet4": {
      "__uuid__": "d1475904-9719-488d-a0c1-ab500bb3f4ef"
    },
    "bullet5": {
      "__uuid__": "b23af3aa-29d4-4ad0-b790-bd6c21b0fbed"
    },
    "bullet6": {
      "__uuid__": "07bce0ef-6453-4a22-ad62-15e4ee14fda2"
    },
    "bullet7": {
      "__uuid__": "90de0b50-3046-4ede-af85-6cb7e9addd61"
    },
    "bullet8": {
      "__uuid__": "7f4c6dac-7c75-48a2-b0e1-1b892e0eeddb"
    },
    "bullet9": {
      "__uuid__": "5227051f-14e6-4b5d-bfba-57370eb52287"
    }
  }
}