{
  "9836134e-b892-4283-b6b2-78b5acf3ed45": {
    "asset": 1650294465578,
    "meta": 1650353754105,
    "relativePath": "effects"
  },
  "f8e6b000-5643-4b86-9080-aa680ce1f599": {
    "asset": 1650294465648,
    "meta": 1650353754105,
    "relativePath": "image"
  },
  "5c3eedba-6c41-4c0c-9ba7-d91f813cbd1c": {
    "asset": 1650294465654,
    "meta": 1650353754105,
    "relativePath": "materials"
  },
  "fc09f9bd-2cce-4605-b630-8145ef809ed6": {
    "asset": 1650294465663,
    "meta": 1650353754105,
    "relativePath": "misc"
  },
  "db019bf7-f71c-4111-98cf-918ea180cb48": {
    "asset": 1650294465699,
    "meta": 1650353754105,
    "relativePath": "model"
  },
  "f6e6dd15-71d1-4ffe-ace7-24fd39942c05": {
    "asset": 1650294465708,
    "meta": 1650353754121,
    "relativePath": "obsolete"
  },
  "f743d2b6-b7ea-4c14-a55b-547ed4d0a045": {
    "asset": 1650294465717,
    "meta": 1650353754121,
    "relativePath": "particle"
  },
  "ae6c6c98-11e4-452f-8758-75f5c6a56e83": {
    "asset": 1650294465821,
    "meta": 1650353754121,
    "relativePath": "prefab"
  },
  "d8afc78c-4eac-4a9f-83dd-67bc70344d33": {
    "asset": 1650294465861,
    "meta": 1650353754121,
    "relativePath": "resources"
  },
  "abc2cb62-7852-4525-a90d-d474487b88f2": {
    "asset": 1650294465561,
    "meta": 1650353754343,
    "relativePath": "effects\\builtin-phong.effect"
  },
  "e2f00085-c597-422d-9759-52c360279106": {
    "asset": 1650294465565,
    "meta": 1650353754391,
    "relativePath": "effects\\builtin-toon.effect"
  },
  "430eccbf-bf2c-4e6e-8c0c-884bbb487f32": {
    "asset": 1650294465570,
    "meta": 1650353754407,
    "relativePath": "effects\\__builtin-editor-gizmo-line.effect"
  },
  "6c5cf6e1-b044-4eac-9431-835644d57381": {
    "asset": 1650294465573,
    "meta": 1650353754423,
    "relativePath": "effects\\__builtin-editor-gizmo-unlit.effect"
  },
  "115286d1-2e10-49ee-aab4-341583f607e8": {
    "asset": 1650294465577,
    "meta": 1650353754456,
    "relativePath": "effects\\__builtin-editor-gizmo.effect"
  },
  "71561142-4c83-4933-afca-cb7a17f67053": {
    "asset": 1650294465586,
    "meta": 1650353754494,
    "relativePath": "image\\default_btn_disabled.png"
  },
  "e851e89b-faa2-4484-bea6-5c01dd9f06e2": {
    "asset": 1650294465589,
    "meta": 1650353754497,
    "relativePath": "image\\default_btn_normal.png"
  },
  "edd215b9-2796-4a05-aaf5-81f96c9281ce": {
    "asset": 1650294465596,
    "meta": 1650353754499,
    "relativePath": "image\\default_editbox_bg.png"
  },
  "b43ff3c2-02bb-4874-81f7-f2dea6970f18": {
    "asset": 1650294465594,
    "meta": 1650353754503,
    "relativePath": "image\\default_btn_pressed.png"
  },
  "d81ec8ad-247c-4e62-aa3c-d35c4193c7af": {
    "asset": 1650294465599,
    "meta": 1650353754507,
    "relativePath": "image\\default_panel.png"
  },
  "600301aa-3357-4a10-b086-84f011fa32ba": {
    "asset": 1650294465583,
    "meta": 1650353754510,
    "relativePath": "image\\default-particle.png"
  },
  "cfef78f1-c8df-49b7-8ed0-4c953ace2621": {
    "asset": 1650294465603,
    "meta": 1650353754513,
    "relativePath": "image\\default_progressbar.png"
  },
  "99170b0b-d210-46f1-b213-7d9e3f23098a": {
    "asset": 1650294465607,
    "meta": 1650353754515,
    "relativePath": "image\\default_progressbar_bg.png"
  },
  "9d60001f-b5f4-4726-a629-2659e3ded0b8": {
    "asset": 1650294465614,
    "meta": 1650353754538,
    "relativePath": "image\\default_radio_button_on.png"
  },
  "4bab67cb-18e6-4099-b840-355f0473f890": {
    "asset": 1650294465620,
    "meta": 1650353754543,
    "relativePath": "image\\default_scrollbar_bg.png"
  },
  "0291c134-b3da-4098-b7b5-e397edbe947f": {
    "asset": 1650294465617,
    "meta": 1650353754546,
    "relativePath": "image\\default_scrollbar.png"
  },
  "617323dd-11f4-4dd3-8eec-0caf6b3b45b9": {
    "asset": 1650294465628,
    "meta": 1650353754549,
    "relativePath": "image\\default_scrollbar_vertical_bg.png"
  },
  "e39e96e6-6f6e-413f-bcf1-ac7679bb648a": {
    "asset": 1650294465694,
    "meta": 1650353754556,
    "relativePath": "model\\prefab"
  },
  "567dcd80-8bf4-4535-8a5a-313f1caf078a": {
    "asset": 1650294465609,
    "meta": 1650353754551,
    "relativePath": "image\\default_radio_button_off.png"
  },
  "0275e94c-56a7-410f-bd1a-fc7483f7d14a": {
    "asset": 1650294465633,
    "meta": 1650353754555,
    "relativePath": "image\\default_sprite_splash.png"
  },
  "c4480a0a-6ac5-443f-8b40-361a14257fc8": {
    "asset": 1650294465653,
    "meta": 1650353755058,
    "relativePath": "materials\\builtin-phong.mtl"
  },
  "d6d3ca85-4681-47c1-b5dd-d036a9d39ea2": {
    "asset": 1650294465624,
    "meta": 1650353754556,
    "relativePath": "image\\default_scrollbar_vertical.png"
  },
  "6e056173-d285-473c-b206-40a7fff5386e": {
    "asset": 1650294465630,
    "meta": 1650353754556,
    "relativePath": "image\\default_sprite.png"
  },
  "c25b9d50-c8fc-4d27-beeb-6e7c1f2e5c0f": {
    "asset": 1650294465640,
    "meta": 1650353754610,
    "relativePath": "image\\default_toggle_disabled.png"
  },
  "73a0903d-d80e-4e3c-aa67-f999543c08f5": {
    "asset": 1650294465637,
    "meta": 1650353754614,
    "relativePath": "image\\default_toggle_checkmark.png"
  },
  "2be36297-9abb-4fee-8049-9ed5e271da8a": {
    "asset": 1650294465662,
    "meta": 1650353754621,
    "relativePath": "misc\\default_video.mp4"
  },
  "d29077ba-1627-4a72-9579-7b56a235340c": {
    "asset": 1650294465643,
    "meta": 1650353754617,
    "relativePath": "image\\default_toggle_normal.png"
  },
  "b181c1e4-0a72-4a91-bfb0-ae6f36ca60bd": {
    "asset": 1650294465647,
    "meta": 1650353754619,
    "relativePath": "image\\default_toggle_pressed.png"
  },
  "897ef7a1-4860-4f64-968d-f5924b18668a": {
    "asset": 1650294465721,
    "meta": 1650353754633,
    "relativePath": "prefab\\2d-camera.prefab"
  },
  "70bbeb73-6dc2-4ee4-8faf-76b3a0e34ec4": {
    "asset": 1650294465730,
    "meta": 1650353754637,
    "relativePath": "prefab\\3d-particle.prefab"
  },
  "8a96b965-2dc0-4e03-aa90-3b79cb93b5b4": {
    "asset": 1650294465707,
    "meta": 1650353754626,
    "relativePath": "obsolete\\atom.png"
  },
  "ed88f13d-fcad-4848-aa35-65a2cb973584": {
    "asset": 1650294465734,
    "meta": 1650353754640,
    "relativePath": "prefab\\3d-stage.prefab"
  },
  "a3ee0214-b432-4865-9666-4a3211814282": {
    "asset": 1650294465765,
    "meta": 1650353754642,
    "relativePath": "prefab\\light"
  },
  "d0a82d39-bede-46c4-b698-c81ff0dedfff": {
    "asset": 1650294465716,
    "meta": 1650353754630,
    "relativePath": "particle\\atom.png"
  },
  "70d7cdb0-04cd-41bb-9480-c06a4785f386": {
    "asset": 1650294465726,
    "meta": 1650353754643,
    "relativePath": "prefab\\3d-camera.prefab"
  },
  "972b9a4d-47ee-4c74-b5c3-61d8a69bc29f": {
    "asset": 1650294465737,
    "meta": 1650353754648,
    "relativePath": "prefab\\button.prefab"
  },
  "2c937608-2562-40ea-b264-7395df6f0cea": {
    "asset": 1650294465740,
    "meta": 1650353754648,
    "relativePath": "prefab\\canvas.prefab"
  },
  "61aeb05b-3b32-452b-8eed-2b76deeed554": {
    "asset": 1650294465742,
    "meta": 1650353754654,
    "relativePath": "prefab\\editbox.prefab"
  },
  "27756ebb-3d33-44b0-9b96-e858fadd4dd4": {
    "asset": 1650294465746,
    "meta": 1650353754657,
    "relativePath": "prefab\\label.prefab"
  },
  "785a442c-3ceb-45be-a46e-7317f625f3b9": {
    "asset": 1650294465751,
    "meta": 1650353754660,
    "relativePath": "prefab\\layout.prefab"
  },
  "ca8401fe-ad6e-41a8-bd46-8e3e4e9945be": {
    "asset": 1650294465769,
    "meta": 1650353754666,
    "relativePath": "prefab\\pageview.prefab"
  },
  "cd33edea-55f5-46c2-958d-357a01384a36": {
    "asset": 1650294465772,
    "meta": 1650353754670,
    "relativePath": "prefab\\particlesystem.prefab"
  },
  "5965ffac-69da-4b55-bcde-9225d0613c28": {
    "asset": 1650294465776,
    "meta": 1650353754673,
    "relativePath": "prefab\\progressBar.prefab"
  },
  "4a37dd57-78cd-4cec-aad4-f11a73d12b63": {
    "asset": 1650294465778,
    "meta": 1650353754676,
    "relativePath": "prefab\\richtext.prefab"
  },
  "32044bd2-481f-4cf1-a656-e2b2fb1594eb": {
    "asset": 1650294465782,
    "meta": 1650353754679,
    "relativePath": "prefab\\scrollview.prefab"
  },
  "96083d03-c332-4a3f-9386-d03e2d19e8ee": {
    "asset": 1650294465788,
    "meta": 1650353754682,
    "relativePath": "prefab\\sprite.prefab"
  },
  "0004d1cf-a0ad-47d8-ab17-34d3db9d35a3": {
    "asset": 1650294465785,
    "meta": 1650353754686,
    "relativePath": "prefab\\slider.prefab"
  },
  "1f55e3be-b89b-4b79-88de-47fd31018044": {
    "asset": 1650294465792,
    "meta": 1650353754687,
    "relativePath": "prefab\\sprite_splash.prefab"
  },
  "0e42ba95-1fa1-46aa-b2cf-143cd1bcee2c": {
    "asset": 1650294465798,
    "meta": 1650353754691,
    "relativePath": "prefab\\tiledtile.prefab"
  },
  "294c1663-4adf-4a1e-a795-53808011a38a": {
    "asset": 1650294465858,
    "meta": 1650353754694,
    "relativePath": "resources\\effects"
  },
  "bf0a434c-84dd-4a8e-a08a-7a36f180cc75": {
    "asset": 1650294465809,
    "meta": 1650353754697,
    "relativePath": "prefab\\toggleContainer.prefab"
  },
  "bbee2217-c261-49bd-a8ce-708d6bcc3500": {
    "asset": 1650294465894,
    "meta": 1650353754699,
    "relativePath": "resources\\materials"
  },
  "0d784963-d024-4ea6-a7db-03be0ad63010": {
    "asset": 1650294465803,
    "meta": 1650353754702,
    "relativePath": "prefab\\toggle.prefab"
  },
  "7de03a80-4457-438d-95a7-3e7cdffd6086": {
    "asset": 1650294465796,
    "meta": 1650353754704,
    "relativePath": "prefab\\tiledmap.prefab"
  },
  "d1b8be49-b0a0-435c-83b7-552bed4bbe35": {
    "asset": 1650294465814,
    "meta": 1650353754710,
    "relativePath": "prefab\\toggleGroup.prefab"
  },
  "232d2782-c4bd-4bb4-9e01-909f03d6d3b9": {
    "asset": 1650294465817,
    "meta": 1650353754712,
    "relativePath": "prefab\\videoplayer.prefab"
  },
  "8c5001fd-07ee-4a4b-a8a0-63e15195e94d": {
    "asset": 1650294465820,
    "meta": 1650353754715,
    "relativePath": "prefab\\webview.prefab"
  },
  "a87cc147-01b2-43f8-8e42-a7ca90b0c757": {
    "asset": 1650294465670,
    "meta": 1650353754720,
    "relativePath": "model\\prefab\\box.prefab"
  },
  "b5fc2cf2-7942-483d-be1f-bbeadc4714ad": {
    "asset": 1650294465675,
    "meta": 1650353754724,
    "relativePath": "model\\prefab\\cone.prefab"
  },
  "1c5e4038-953a-44c2-b620-0bbfc6170477": {
    "asset": 1650294465678,
    "meta": 1650353754727,
    "relativePath": "model\\prefab\\cylinder.prefab"
  },
  "fe1417b6-fe6b-46a4-ae7c-9fd331f33a2a": {
    "asset": 1650294465673,
    "meta": 1650353754730,
    "relativePath": "model\\prefab\\capsule.prefab"
  },
  "3f376125-a699-40ca-ad05-04d662eaa1f2": {
    "asset": 1650294465682,
    "meta": 1650353754733,
    "relativePath": "model\\prefab\\plane.prefab"
  },
  "6c9ef10d-b479-420b-bfe6-39cdda6a8ae0": {
    "asset": 1650294465685,
    "meta": 1650353754737,
    "relativePath": "model\\prefab\\quad.prefab"
  },
  "30682f87-9f0d-4f17-8a44-72863791461b": {
    "asset": 1650294465828,
    "meta": 1650353754757,
    "relativePath": "resources\\effects\\builtin-2d-graphics.effect"
  },
  "144c3297-af63-49e8-b8ef-1cfa29b3be28": {
    "asset": 1650294465832,
    "meta": 1650353754760,
    "relativePath": "resources\\effects\\builtin-2d-gray-sprite.effect"
  },
  "2d9a4b85-b0ab-4c46-84c5-18f393ab2058": {
    "asset": 1650294465688,
    "meta": 1650353754760,
    "relativePath": "model\\prefab\\sphere.prefab"
  },
  "f18742d7-56d2-4eb5-ae49-2d9d710b37c8": {
    "asset": 1650294465834,
    "meta": 1650353754777,
    "relativePath": "resources\\effects\\builtin-2d-label.effect"
  },
  "0e93aeaa-0b53-4e40-b8e0-6268b4e07bd7": {
    "asset": 1650294465840,
    "meta": 1650353754792,
    "relativePath": "resources\\effects\\builtin-2d-spine.effect"
  },
  "2874f8dd-416c-4440-81b7-555975426e93": {
    "asset": 1650294465842,
    "meta": 1650353754813,
    "relativePath": "resources\\effects\\builtin-2d-sprite.effect"
  },
  "829a282c-b049-4019-bd38-5ace8d8a6417": {
    "asset": 1650294465846,
    "meta": 1650353754897,
    "relativePath": "resources\\effects\\builtin-3d-particle.effect"
  },
  "2a7c0036-e0b3-4fe1-8998-89a54b8a2bec": {
    "asset": 1650294465850,
    "meta": 1650353754912,
    "relativePath": "resources\\effects\\builtin-3d-trail.effect"
  },
  "de510076-056b-484f-b94c-83bef217d0e1": {
    "asset": 1650294465692,
    "meta": 1650353754930,
    "relativePath": "model\\prefab\\torus.prefab"
  },
  "c0040c95-c57f-49cd-9cbc-12316b73d0d4": {
    "asset": 1650294465853,
    "meta": 1650353754930,
    "relativePath": "resources\\effects\\builtin-clear-stencil.effect"
  },
  "6d91e591-4ce0-465c-809f-610ec95019c6": {
    "asset": 1650294465856,
    "meta": 1650353754947,
    "relativePath": "resources\\effects\\builtin-unlit.effect"
  },
  "61906da3-7003-4bda-9abc-5769c76faee4": {
    "asset": 1650294465755,
    "meta": 1650353754963,
    "relativePath": "prefab\\light\\ambient.prefab"
  },
  "ddb99b39-7004-47cd-9705-751905c43c46": {
    "asset": 1650294465760,
    "meta": 1650353754963,
    "relativePath": "prefab\\light\\directional.prefab"
  },
  "0cf30284-9073-46bc-9eba-e62b69dbbff3": {
    "asset": 1650294465762,
    "meta": 1650353754969,
    "relativePath": "prefab\\light\\point.prefab"
  },
  "f5331fd2-bf42-4ee3-a3fd-3e1657600eff": {
    "asset": 1650294465765,
    "meta": 1650353754970,
    "relativePath": "prefab\\light\\spot.prefab"
  },
  "6f801092-0c37-4f30-89ef-c8d960825b36": {
    "asset": 1650294465863,
    "meta": 1650353755074,
    "relativePath": "resources\\materials\\builtin-2d-base.mtl"
  },
  "3a7bb79f-32fd-422e-ada2-96f518fed422": {
    "asset": 1650294465869,
    "meta": 1650353755074,
    "relativePath": "resources\\materials\\builtin-2d-gray-sprite.mtl"
  },
  "a153945d-2511-4c14-be7b-05d242f47d57": {
    "asset": 1650294465865,
    "meta": 1650353755074,
    "relativePath": "resources\\materials\\builtin-2d-graphics.mtl"
  },
  "e02d87d4-e599-4d16-8001-e14891ac6506": {
    "asset": 1650294465872,
    "meta": 1650353755074,
    "relativePath": "resources\\materials\\builtin-2d-label.mtl"
  },
  "7afd064b-113f-480e-b793-8817d19f63c3": {
    "asset": 1650294465875,
    "meta": 1650353755074,
    "relativePath": "resources\\materials\\builtin-2d-spine.mtl"
  },
  "eca5d2f2-8ef6-41c2-bbe6-f9c79d09c432": {
    "asset": 1650294465878,
    "meta": 1650353755090,
    "relativePath": "resources\\materials\\builtin-2d-sprite.mtl"
  },
  "432fa09c-cf03-4cff-a186-982604408a07": {
    "asset": 1650294465883,
    "meta": 1650353755090,
    "relativePath": "resources\\materials\\builtin-3d-particle.mtl"
  },
  "466d4f9b-e5f4-4ea8-85d5-3c6e9a65658a": {
    "asset": 1650294465886,
    "meta": 1650353755091,
    "relativePath": "resources\\materials\\builtin-3d-trail.mtl"
  },
  "cf7e0bb8-a81c-44a9-ad79-d28d43991032": {
    "asset": 1650294465890,
    "meta": 1650353755091,
    "relativePath": "resources\\materials\\builtin-clear-stencil.mtl"
  },
  "2a296057-247c-4a1c-bbeb-0548b6c98650": {
    "asset": 1650294465893,
    "meta": 1650353755091,
    "relativePath": "resources\\materials\\builtin-unlit.mtl"
  },
  "b2687ac4-099e-403c-a192-ff477686f4f5": {
    "asset": 1650294465712,
    "meta": 1650353755106,
    "relativePath": "particle\\atom.plist"
  },
  "b8223619-7e38-47c4-841f-9160c232495a": {
    "asset": 1650294465704,
    "meta": 1650353755108,
    "relativePath": "obsolete\\atom.plist"
  },
  "954fec8b-cd16-4bb9-a3b7-7719660e7558": {
    "asset": 1650294465697,
    "meta": 1650353760570,
    "relativePath": "model\\primitives.fbx"
  },
  "c9369012-9466-4b21-84e9-7185123b516a": {
    "asset": 1650353171000,
    "meta": 1650353761122,
    "relativePath": "characters"
  },
  "41a4d58b-7407-4091-8a9c-200c0999e503": {
    "asset": 1650353171000,
    "meta": 1650353761122,
    "relativePath": "migration"
  },
  "6c93b821-cb57-4475-88ba-afeba981996a": {
    "asset": 1650353171000,
    "meta": 1650353761122,
    "relativePath": "prefabs"
  },
  "3eb6bd18-4e9d-4de1-8beb-7604b002e440": {
    "asset": 1650353171000,
    "meta": 1650353761122,
    "relativePath": "props n decorations"
  },
  "7ca91cd7-6970-4ab4-9709-560d6ad35645": {
    "asset": 1650353171000,
    "meta": 1650353761122,
    "relativePath": "scenes"
  },
  "b05dfa5f-12c1-4874-930f-05f6c00c028f": {
    "asset": 1650353171000,
    "meta": 1650353761122,
    "relativePath": "scripts"
  },
  "e3009739-a10c-4bed-ab6b-2d8c2c476f95": {
    "asset": 1650353171000,
    "meta": 1650353761122,
    "relativePath": "tilemaps"
  },
  "687ca125-0864-4591-a336-1d36ccb09c06": {
    "asset": 1650353171000,
    "meta": 1650353761122,
    "relativePath": "characters\\Blue Slime"
  },
  "8424a0f9-6069-4362-81fa-b6857770c245": {
    "asset": 1650353171000,
    "meta": 1650353761132,
    "relativePath": "characters\\Green Slime"
  },
  "f0a9324e-0f67-4c4e-996c-9e71006f312f": {
    "asset": 1650353171000,
    "meta": 1650353761133,
    "relativePath": "characters\\Player"
  },
  "70ab966e-8afe-44a7-bad5-9ac8d1bc0c9b": {
    "asset": 1650353171000,
    "meta": 1650353761133,
    "relativePath": "characters\\Red Slime"
  },
  "6438b8fa-9e60-498a-b916-1d6f568d38e5": {
    "asset": 1650353171000,
    "meta": 1650353761133,
    "relativePath": "characters\\Yellow Slime"
  },
  "84c73614-b537-434b-8990-5932dbc29baa": {
    "asset": 1650353171000,
    "meta": 1650353761162,
    "relativePath": "migration\\use_reversed_rotateTo.js"
  },
  "bec392b8-b08b-43e5-a23f-2ff9d3bec4d0": {
    "asset": 1650353171000,
    "meta": 1650353761175,
    "relativePath": "prefabs\\Player.prefab"
  },
  "8444992d-95d7-41fa-9d88-d5b71d98c69d": {
    "asset": 1650353171000,
    "meta": 1650353761187,
    "relativePath": "props n decorations\\generic-rpg-barrel01.png"
  },
  "9d6a65a4-7089-433a-9012-9cc4bc7b6779": {
    "asset": 1650353171000,
    "meta": 1650353761188,
    "relativePath": "props n decorations\\generic-rpg-barrel02.png"
  },
  "b423334b-f6f7-4888-82c3-9e69fd1c6e7f": {
    "asset": 1650353171000,
    "meta": 1650353761193,
    "relativePath": "props n decorations\\generic-rpg-board03.png"
  },
  "1114dd49-2d96-41aa-86cd-4b414607b4ae": {
    "asset": 1650353171000,
    "meta": 1650353761197,
    "relativePath": "props n decorations\\generic-rpg-board02.png"
  },
  "29f58d8c-a1d6-4921-a3a0-3f255063ef46": {
    "asset": 1650353171000,
    "meta": 1650353761200,
    "relativePath": "props n decorations\\generic-rpg-board01.png"
  },
  "1640bdee-ff5b-4ba5-b4b0-1d72367189a1": {
    "asset": 1650353171000,
    "meta": 1650353761203,
    "relativePath": "props n decorations\\generic-rpg-board04.png"
  },
  "94ee5201-8bde-4afb-94d6-23efc12fad5a": {
    "asset": 1650353171000,
    "meta": 1650353761203,
    "relativePath": "props n decorations\\generic-rpg-barrel03.png"
  },
  "c6af3476-dfa1-4452-9b11-7ba1ecada6ed": {
    "asset": 1650353171000,
    "meta": 1650353761218,
    "relativePath": "props n decorations\\generic-rpg-bridge.png"
  },
  "a2b11174-4d52-4841-a402-986966ea6974": {
    "asset": 1650353171000,
    "meta": 1650353761230,
    "relativePath": "props n decorations\\generic-rpg-crate01.png"
  },
  "b7f2ae73-a4d3-4aaa-babf-6b7739065d96": {
    "asset": 1650353171000,
    "meta": 1650353761232,
    "relativePath": "props n decorations\\generic-rpg-crate03.png"
  },
  "54c2c736-6940-49f0-9acd-6625d1b3bcf4": {
    "asset": 1650353171000,
    "meta": 1650353761232,
    "relativePath": "props n decorations\\generic-rpg-crate02.png"
  },
  "7001a9cc-71ce-4fd6-8321-869068b88a78": {
    "asset": 1650353171000,
    "meta": 1650353761238,
    "relativePath": "props n decorations\\generic-rpg-fence-raw01.png"
  },
  "d9702a2b-1862-49c6-9cd2-400b5ed1ae77": {
    "asset": 1650353171000,
    "meta": 1650353761243,
    "relativePath": "props n decorations\\generic-rpg-fence-complete.png"
  },
  "e2388145-3130-48bd-ad3c-050cc9fbd419": {
    "asset": 1650353171000,
    "meta": 1650353761247,
    "relativePath": "props n decorations\\generic-rpg-fence-raw02.png"
  },
  "52c08a87-7fc7-4476-b3c5-b914b89460b1": {
    "asset": 1650353171000,
    "meta": 1650353761250,
    "relativePath": "props n decorations\\generic-rpg-fence-raw03.png"
  },
  "5694872b-b257-4df7-a149-87096f144f90": {
    "asset": 1650353171000,
    "meta": 1650353761263,
    "relativePath": "props n decorations\\generic-rpg-fence-raw04.png"
  },
  "c9e0e3d4-e8f5-463c-83c6-9b77e582703e": {
    "asset": 1650353171000,
    "meta": 1650353761266,
    "relativePath": "props n decorations\\generic-rpg-fence-raw08.png"
  },
  "a1da293f-a083-45b1-b719-31005f946c07": {
    "asset": 1650353171000,
    "meta": 1650353761269,
    "relativePath": "props n decorations\\generic-rpg-fence-raw06.png"
  },
  "6e85c686-5b27-4d58-87e8-d63a3d304451": {
    "asset": 1650353171000,
    "meta": 1650353761272,
    "relativePath": "props n decorations\\generic-rpg-fence-raw07.png"
  },
  "9f9bf0d2-82af-4762-94c2-5d7059c55f7a": {
    "asset": 1650353171000,
    "meta": 1650353761274,
    "relativePath": "props n decorations\\generic-rpg-fence-raw05.png"
  },
  "7d255e4a-7fed-41d6-bfb0-9fe5cd83595c": {
    "asset": 1650353171000,
    "meta": 1650353761285,
    "relativePath": "props n decorations\\generic-rpg-fence-raw09.png"
  },
  "c4edb6d8-c93d-4c9c-b695-ce793f6b29f4": {
    "asset": 1650353171000,
    "meta": 1650353761285,
    "relativePath": "props n decorations\\generic-rpg-fence-raw11.png"
  },
  "d59b91fe-7dea-465a-a3f8-8a1430c50204": {
    "asset": 1650353171000,
    "meta": 1650353761289,
    "relativePath": "props n decorations\\generic-rpg-fence-raw10.png"
  },
  "03c15ef8-b413-4cd7-8c00-e3238972cef8": {
    "asset": 1650353171000,
    "meta": 1650353761300,
    "relativePath": "props n decorations\\generic-rpg-fence-raw12.png"
  },
  "915e3ad8-8e34-4c4d-930d-7a78785cdeb8": {
    "asset": 1650353171000,
    "meta": 1650353761304,
    "relativePath": "props n decorations\\generic-rpg-fence-raw14.png"
  },
  "606eb679-6040-45f7-aaac-11660bbfc0d5": {
    "asset": 1650353171000,
    "meta": 1650353761304,
    "relativePath": "props n decorations\\generic-rpg-fence-raw15.png"
  },
  "1518b8d5-951c-4197-8b88-e547a78a9193": {
    "asset": 1650353171000,
    "meta": 1650353761308,
    "relativePath": "props n decorations\\generic-rpg-fence-raw13.png"
  },
  "cea0e9ad-9773-4cf4-8e90-caaccdf39d2e": {
    "asset": 1650353171000,
    "meta": 1650353761319,
    "relativePath": "props n decorations\\generic-rpg-fence-raw16.png"
  },
  "a77276d3-5e24-49d4-b26b-0f30d8948f3d": {
    "asset": 1650353171000,
    "meta": 1650353761322,
    "relativePath": "props n decorations\\generic-rpg-fence-raw17.png"
  },
  "0b5eaa2b-46aa-418a-ae40-238740589c60": {
    "asset": 1650353171000,
    "meta": 1650353761326,
    "relativePath": "props n decorations\\generic-rpg-fence-raw19.png"
  },
  "63d625fd-49bf-4d99-8445-2eb995933a29": {
    "asset": 1650353171000,
    "meta": 1650353761328,
    "relativePath": "props n decorations\\generic-rpg-fence-raw18.png"
  },
  "d21e6559-ef22-4fc3-a1f1-15651d5b14fb": {
    "asset": 1650353171000,
    "meta": 1650353761338,
    "relativePath": "props n decorations\\generic-rpg-fence-raw22.png"
  },
  "18ba8046-7287-49ca-9c41-d49d6d24022b": {
    "asset": 1650353171000,
    "meta": 1650353761341,
    "relativePath": "props n decorations\\generic-rpg-fence-raw20.png"
  },
  "e9c3057b-dcd8-42f4-99bc-6597a9fbb997": {
    "asset": 1650353171000,
    "meta": 1650353761344,
    "relativePath": "props n decorations\\generic-rpg-fence-raw23.png"
  },
  "385e0181-b62c-4132-a229-c2c57e15275d": {
    "asset": 1650353171000,
    "meta": 1650353761344,
    "relativePath": "props n decorations\\generic-rpg-fence-raw21.png"
  },
  "d8a00466-6a05-4f62-9df8-080c99b67f1e": {
    "asset": 1650353171000,
    "meta": 1650353761357,
    "relativePath": "props n decorations\\generic-rpg-fence-raw24.png"
  },
  "979dca5a-2859-4af0-a2b7-ce78a3e782b8": {
    "asset": 1650353171000,
    "meta": 1650353761359,
    "relativePath": "props n decorations\\generic-rpg-fence01.png"
  },
  "69ffe413-3860-4de8-a4e5-c81821c85afe": {
    "asset": 1650353171000,
    "meta": 1650353761362,
    "relativePath": "props n decorations\\generic-rpg-fence-raw25.png"
  },
  "ed46564b-1e56-405b-9518-a46ec2ad06e5": {
    "asset": 1650353171000,
    "meta": 1650353761362,
    "relativePath": "props n decorations\\generic-rpg-fence02.png"
  },
  "e2aaee16-9652-45ac-9324-5700493a0505": {
    "asset": 1650353171000,
    "meta": 1650353761374,
    "relativePath": "props n decorations\\generic-rpg-fence03.png"
  },
  "b4c1c903-66f4-4c39-ae0f-8a16aa9ca700": {
    "asset": 1650353171000,
    "meta": 1650353761377,
    "relativePath": "props n decorations\\generic-rpg-fence05.png"
  },
  "a32e1a35-b743-4527-ad64-5e2a5364b3d5": {
    "asset": 1650353171000,
    "meta": 1650353761380,
    "relativePath": "props n decorations\\generic-rpg-fence04.png"
  },
  "f7b4463d-2b69-4966-8cc9-e4aad8bc4568": {
    "asset": 1650353171000,
    "meta": 1650353761383,
    "relativePath": "props n decorations\\generic-rpg-fence06.png"
  },
  "aed0a0e1-d442-426f-ab83-5f2569245066": {
    "asset": 1650353171000,
    "meta": 1650353761394,
    "relativePath": "props n decorations\\generic-rpg-fence09.png"
  },
  "6deadfd9-d524-4f09-95c5-a673f7cafa48": {
    "asset": 1650353171000,
    "meta": 1650353761396,
    "relativePath": "props n decorations\\generic-rpg-fence07.png"
  },
  "443ccf66-7d26-4ee0-b587-7776959670a0": {
    "asset": 1650353171000,
    "meta": 1650353761396,
    "relativePath": "props n decorations\\generic-rpg-fence08.png"
  },
  "b46fc95c-0e07-4d6c-aa71-470dec2328a6": {
    "asset": 1650353171000,
    "meta": 1650353761396,
    "relativePath": "props n decorations\\generic-rpg-fence10.png"
  },
  "b763ab5f-8ff7-4e0a-bc81-de7d177134d9": {
    "asset": 1650353171000,
    "meta": 1650353761411,
    "relativePath": "props n decorations\\generic-rpg-fence11.png"
  },
  "022fc1e2-a971-4020-854d-97be7b07c557": {
    "asset": 1650353171000,
    "meta": 1650353761416,
    "relativePath": "props n decorations\\generic-rpg-fence12.png"
  },
  "d1f8ba03-9863-47f4-8e92-0f30e21f5247": {
    "asset": 1650353171000,
    "meta": 1650353761422,
    "relativePath": "props n decorations\\generic-rpg-fence13.png"
  },
  "36b72868-945e-457e-b294-86f1b711048c": {
    "asset": 1650353171000,
    "meta": 1650353761426,
    "relativePath": "props n decorations\\generic-rpg-fence14.png"
  },
  "846de604-f844-47d9-88f4-4fadea17ecc1": {
    "asset": 1650353171000,
    "meta": 1650353761428,
    "relativePath": "props n decorations\\generic-rpg-fish03.png"
  },
  "cd2fbe74-852b-4b4d-8402-1091e39867dd": {
    "asset": 1650353171000,
    "meta": 1650353761433,
    "relativePath": "props n decorations\\generic-rpg-fish04.png"
  },
  "801357d8-4c9d-4398-ab9d-ece30b184d1b": {
    "asset": 1650353171000,
    "meta": 1650353761435,
    "relativePath": "props n decorations\\generic-rpg-fish01.png"
  },
  "49f74f90-872c-4167-9c98-289b0b09001a": {
    "asset": 1650353171000,
    "meta": 1650353761443,
    "relativePath": "props n decorations\\generic-rpg-fish02.png"
  },
  "2391dc02-f43a-49ac-b001-56f30b677e4e": {
    "asset": 1650353171000,
    "meta": 1650353761446,
    "relativePath": "props n decorations\\generic-rpg-flower01.png"
  },
  "f25395d7-7f68-4e2e-a15e-73563d951433": {
    "asset": 1650353171000,
    "meta": 1650353761456,
    "relativePath": "props n decorations\\generic-rpg-flower02.png"
  },
  "44ca3128-0d19-4da8-b7e6-ee42ff8daf46": {
    "asset": 1650353171000,
    "meta": 1650353761462,
    "relativePath": "props n decorations\\generic-rpg-grass02.png"
  },
  "4d22948b-3e74-485d-924b-5f9075b99b26": {
    "asset": 1650353171000,
    "meta": 1650353761462,
    "relativePath": "props n decorations\\generic-rpg-flowers.png"
  },
  "beb6e46c-c11d-4646-86e7-e27dac94bb16": {
    "asset": 1650353171000,
    "meta": 1650353761467,
    "relativePath": "props n decorations\\generic-rpg-flower03.png"
  },
  "efb18fc8-3242-4116-865d-537032e5f438": {
    "asset": 1650353171000,
    "meta": 1650353761467,
    "relativePath": "props n decorations\\generic-rpg-grass01.png"
  },
  "f409842f-5b3f-4f61-b0dd-3d1439eb8242": {
    "asset": 1650353171000,
    "meta": 1650353761472,
    "relativePath": "props n decorations\\generic-rpg-house-inn.png"
  },
  "f7980bd9-ca40-4d92-9641-7e657519449a": {
    "asset": 1650353171000,
    "meta": 1650353761482,
    "relativePath": "props n decorations\\generic-rpg-loot02.png"
  },
  "922b814a-ef23-421b-a02f-d61a870798b2": {
    "asset": 1650353171000,
    "meta": 1650353761482,
    "relativePath": "props n decorations\\generic-rpg-loot01.png"
  },
  "2a9496a9-510d-497e-ab8c-f5477dd9edd3": {
    "asset": 1650353171000,
    "meta": 1650353761497,
    "relativePath": "props n decorations\\generic-rpg-loot04.png"
  },
  "75903dca-4133-4883-bcee-9633b3407ceb": {
    "asset": 1650353171000,
    "meta": 1650353761499,
    "relativePath": "props n decorations\\generic-rpg-loot03.png"
  },
  "6ebe9c7e-da0e-4cc0-ba38-9553af421075": {
    "asset": 1650353171000,
    "meta": 1650353761503,
    "relativePath": "props n decorations\\generic-rpg-mini-lake.png"
  },
  "46bd6615-2860-4abf-afba-ee73ad6dd119": {
    "asset": 1650353171000,
    "meta": 1650353761505,
    "relativePath": "props n decorations\\generic-rpg-loot05.png"
  },
  "b10a01c1-0357-4ccd-8b75-8aba4cbf34dd": {
    "asset": 1650353171000,
    "meta": 1650353761508,
    "relativePath": "props n decorations\\generic-rpg-rock02.png"
  },
  "f69bb21d-531b-4b3d-8dc2-1643c6959d44": {
    "asset": 1650353171000,
    "meta": 1650353761511,
    "relativePath": "props n decorations\\generic-rpg-rock01.png"
  },
  "3dfdba8a-fd3c-4c5b-8cd2-06555f812e99": {
    "asset": 1650353171000,
    "meta": 1650353761574,
    "relativePath": "scripts\\ActorController.ts"
  },
  "ff306178-d27f-416e-96d2-4b6b91f76842": {
    "asset": 1650353171000,
    "meta": 1650353761523,
    "relativePath": "props n decorations\\generic-rpg-rock03.png"
  },
  "404cbb71-f3c1-4fee-8263-98b71e87fbf4": {
    "asset": 1650359999549,
    "meta": 1650360113470,
    "relativePath": "scripts\\ai"
  },
  "f052ffcc-84b1-488c-87a2-7053189a6c0d": {
    "asset": 1650353171000,
    "meta": 1650353761527,
    "relativePath": "props n decorations\\generic-rpg-rock04.png"
  },
  "18dddf45-a775-4422-a1fb-1dd550dd2d38": {
    "asset": 1650353171000,
    "meta": 1650353761583,
    "relativePath": "scripts\\camera"
  },
  "20f82e00-d4a9-4863-aea9-4abcd6d16503": {
    "asset": 1650353171000,
    "meta": 1650353761535,
    "relativePath": "props n decorations\\generic-rpg-rock05.png"
  },
  "c64ea824-ace0-43de-9c89-4c17b793892f": {
    "asset": 1650353171000,
    "meta": 1650353761587,
    "relativePath": "scripts\\input"
  },
  "5fc43ac4-bd9a-4a74-b71e-4f8d2e998b22": {
    "asset": 1650353171000,
    "meta": 1650353761579,
    "relativePath": "props n decorations\\generic-rpg-rock06.png"
  },
  "56abca93-09f9-45d6-8bd7-470389392e1e": {
    "asset": 1650353171000,
    "meta": 1650353761607,
    "relativePath": "scripts\\MapManager.ts"
  },
  "002c5cad-19dd-4a66-af29-e56866524e2a": {
    "asset": 1650353171000,
    "meta": 1650353761613,
    "relativePath": "scripts\\utilities"
  },
  "d1cb4a8f-32ca-4ff7-b41c-c0c348791f0e": {
    "asset": 1650353171000,
    "meta": 1650353761586,
    "relativePath": "props n decorations\\generic-rpg-rod.png"
  },
  "ae9a6bbe-99c9-4447-b300-17a55e6f5feb": {
    "asset": 1650353171000,
    "meta": 1650353761589,
    "relativePath": "props n decorations\\generic-rpg-trasure-open.png"
  },
  "2748da1b-bfbd-488c-ab81-535fe8a34c8f": {
    "asset": 1650353171000,
    "meta": 1650353761625,
    "relativePath": "scenes\\level1-1.fire"
  },
  "e3f446fd-b97c-4d78-bfc4-c50dbd446cd3": {
    "asset": 1650353171000,
    "meta": 1650353762257,
    "relativePath": "characters\\Blue Slime\\slime_blue.plist"
  },
  "6af11bb3-9bd3-4fb0-8ac4-e32fa60f9538": {
    "asset": 1650353171000,
    "meta": 1650353761625,
    "relativePath": "props n decorations\\generic-rpg-treasure-closed.png"
  },
  "9db2b285-23c7-4ee6-82cc-87ac7cb69b95": {
    "asset": 1650353171000,
    "meta": 1650353761647,
    "relativePath": "characters\\Blue Slime\\slime_blue_idle.anim"
  },
  "ed07e045-f1bb-40a8-92fe-ce6221ec70b2": {
    "asset": 1650353171000,
    "meta": 1650353762285,
    "relativePath": "characters\\Green Slime\\slime_green.plist"
  },
  "504cec4d-33b5-4667-8675-8ebd0d5c4499": {
    "asset": 1650353171000,
    "meta": 1650353761652,
    "relativePath": "characters\\Blue Slime\\slime_blue_move.anim"
  },
  "05f2b51a-bb29-43ac-b881-46aac1e0ba5f": {
    "asset": 1650353171000,
    "meta": 1650353761637,
    "relativePath": "props n decorations\\generic-rpg-tree01.png"
  },
  "ef5b9736-0f5f-42fa-ab93-716b7d127fed": {
    "asset": 1650353171000,
    "meta": 1650353761663,
    "relativePath": "characters\\Green Slime\\slime_green_idle.anim"
  },
  "f028f823-48a4-43f9-b753-700f99896c19": {
    "asset": 1650353171000,
    "meta": 1650353761667,
    "relativePath": "characters\\Green Slime\\slime_green_move.anim"
  },
  "679daf3d-7f35-4d1b-bcb3-e1b0c269c0eb": {
    "asset": 1650353171000,
    "meta": 1650353762308,
    "relativePath": "characters\\Player\\player.plist"
  },
  "51b94193-0319-4205-aabf-c453e8047f6c": {
    "asset": 1650353171000,
    "meta": 1650353761669,
    "relativePath": "props n decorations\\generic-rpg-tree02.png"
  },
  "0973bd27-d988-44c1-9c41-b71d6d6f0eb0": {
    "asset": 1650353171000,
    "meta": 1650353761685,
    "relativePath": "characters\\Blue Slime\\slime_blue.png"
  },
  "a4f8458f-ac90-40e6-878b-58a6eb338511": {
    "asset": 1650353171000,
    "meta": 1650353761687,
    "relativePath": "tilemaps\\atlas.png"
  },
  "bb6f9fae-1585-47b7-8b92-e0f9e876e93b": {
    "asset": 1650353171000,
    "meta": 1650353761692,
    "relativePath": "characters\\Player\\player_idle.anim"
  },
  "611f486f-1781-41c3-8c53-fe01f7138414": {
    "asset": 1650353171000,
    "meta": 1650353762335,
    "relativePath": "characters\\Red Slime\\slime_red.plist"
  },
  "7388d5cb-4517-420a-a313-21079c725e2b": {
    "asset": 1650353171000,
    "meta": 1650353761702,
    "relativePath": "characters\\Green Slime\\slime_green.png"
  },
  "94388cfb-1f01-47c0-b417-bd20824386c2": {
    "asset": 1650353171000,
    "meta": 1650353761704,
    "relativePath": "characters\\Player\\player_move.anim"
  },
  "836d0d2b-a156-4af0-9b95-e674908996e8": {
    "asset": 1650353171000,
    "meta": 1650353761710,
    "relativePath": "characters\\Red Slime\\slime_red_idle.anim"
  },
  "255f7a0a-c618-4d98-b861-0902c6f43501": {
    "asset": 1650353171000,
    "meta": 1650353762362,
    "relativePath": "characters\\Yellow Slime\\slime_yellow.plist"
  },
  "39ba7ec3-772d-4432-94ce-cbe144510278": {
    "asset": 1650353171000,
    "meta": 1650353761725,
    "relativePath": "scripts\\ai\\Agent.ts"
  },
  "4d1e00bf-0b71-428c-b126-0276aa25e7a3": {
    "asset": 1650353171000,
    "meta": 1650353761732,
    "relativePath": "characters\\Red Slime\\slime_red_move.anim"
  },
  "7aeba05b-9365-4eab-b435-49b0981d522b": {
    "asset": 1650353171000,
    "meta": 1650353761752,
    "relativePath": "scripts\\ai\\NavChaseAgent.ts"
  },
  "177538a3-c304-49c4-b763-e17f752cf446": {
    "asset": 1650353171000,
    "meta": 1650353761752,
    "relativePath": "scripts\\ai\\navigation"
  },
  "5353ec83-e187-4748-b169-7aca7992f28a": {
    "asset": 1650353171000,
    "meta": 1650353761781,
    "relativePath": "scripts\\ai\\NavWanderAgent.ts"
  },
  "8fb610a6-4159-44c5-9b08-cccfa17d6114": {
    "asset": 1650353171000,
    "meta": 1650353761782,
    "relativePath": "characters\\Player\\player.png"
  },
  "0b710125-d834-432a-aa25-8e633b8160a8": {
    "asset": 1650353171000,
    "meta": 1650353761824,
    "relativePath": "scripts\\ai\\ShyAgent.ts"
  },
  "8889e2ed-f314-41a9-a135-cc567c91a729": {
    "asset": 1650353171000,
    "meta": 1650353761824,
    "relativePath": "scripts\\ai\\strategies"
  },
  "41c4c664-8b5b-4d6f-9f52-484209fd3479": {
    "asset": 1650353171000,
    "meta": 1650353761838,
    "relativePath": "scripts\\ai\\TODO5.ts"
  },
  "fac11dd1-dbf4-4f74-aa73-3a761d9233af": {
    "asset": 1650353171000,
    "meta": 1650353761867,
    "relativePath": "characters\\Yellow Slime\\slime_yellow_idle.anim"
  },
  "18b09696-2492-4af4-8934-56caffa8959a": {
    "asset": 1650353171000,
    "meta": 1650353761892,
    "relativePath": "scripts\\camera\\CameraTransposer.ts"
  },
  "28ae2390-cec1-4dfb-a68d-c53bafa5ebe0": {
    "asset": 1650353171000,
    "meta": 1650353761905,
    "relativePath": "scripts\\input\\Controller.ts"
  },
  "5cb1eff1-ebcd-4422-a2fb-758ad7fac4dd": {
    "asset": 1650353171000,
    "meta": 1650353761917,
    "relativePath": "scripts\\input\\IInputControls.ts"
  },
  "2ff4d726-4e16-4c28-a697-1166fbd79db8": {
    "asset": 1650353171000,
    "meta": 1650353761947,
    "relativePath": "scripts\\input\\KeyboardControls.ts"
  },
  "99e253b7-75cb-4ff6-be9b-94784c9cc69e": {
    "asset": 1650353171000,
    "meta": 1650353761962,
    "relativePath": "scripts\\utilities\\ZSorter.ts"
  },
  "1855d5d9-1337-467f-b888-a1aa00791b3a": {
    "asset": 1650353171000,
    "meta": 1650353761975,
    "relativePath": "scripts\\utilities\\ZSortOnLoad.ts"
  },
  "c1fb9790-c181-4589-a2f6-3da6f6e48ff0": {
    "asset": 1650353171000,
    "meta": 1650353761992,
    "relativePath": "scripts\\ai\\navigation\\Waypoint.ts"
  },
  "bb739ffa-e9a9-4235-8fe4-73ec96625b42": {
    "asset": 1650353171000,
    "meta": 1650353761992,
    "relativePath": "characters\\Yellow Slime\\slime_yellow_move.anim"
  },
  "52cf3359-afc6-40c4-a450-c27aeb0dfcc8": {
    "asset": 1650353171000,
    "meta": 1650353762017,
    "relativePath": "scripts\\ai\\navigation\\WaypointGraph.ts"
  },
  "3ea0e9b6-b09c-4435-9f34-4d2ddf9d434e": {
    "asset": 1650353171000,
    "meta": 1650353762032,
    "relativePath": "scripts\\ai\\strategies\\AgentStrategy.ts"
  },
  "0f1e5e43-99cb-4e56-9f1e-420feeaae3bd": {
    "asset": 1650353171000,
    "meta": 1650353762051,
    "relativePath": "scripts\\ai\\strategies\\Coward.ts"
  },
  "8b71e78a-4a7a-4971-a13d-5ad9c4d083af": {
    "asset": 1650353171000,
    "meta": 1650353762075,
    "relativePath": "scripts\\ai\\strategies\\NavChaser.ts"
  },
  "0dc988b1-c8b1-4589-b8c0-d30ae3df9f9d": {
    "asset": 1650353171000,
    "meta": 1650353762092,
    "relativePath": "scripts\\ai\\strategies\\Navigator.ts"
  },
  "7a01c140-ed22-4a8f-9285-df53e4dcd603": {
    "asset": 1650353171000,
    "meta": 1650353762096,
    "relativePath": "characters\\Red Slime\\slime_red.png"
  },
  "4bd905aa-3655-4f5d-837c-7f185eedd938": {
    "asset": 1650353171000,
    "meta": 1650353762102,
    "relativePath": "scripts\\ai\\strategies\\NavWanderer.ts"
  },
  "89105f54-41bd-4f93-a8ad-7cbe045a7a01": {
    "asset": 1650353171000,
    "meta": 1650353762132,
    "relativePath": "scripts\\camera\\camera_fade_in.anim"
  },
  "6a1e2de9-2b86-4249-b7d6-26760300f721": {
    "asset": 1650353171000,
    "meta": 1650353762133,
    "relativePath": "characters\\Yellow Slime\\slime_yellow.png"
  },
  "bb205943-b8e8-4ccb-a327-507dc84dac7b": {
    "asset": 1650353171000,
    "meta": 1650353762372,
    "relativePath": "tilemaps\\map1-1.tmx"
  },
  "497dd3c9-c6c5-4d72-aad0-56b8f76691a3": {
    "asset": 1650354781922,
    "meta": 1650354859805,
    "relativePath": "scripts\\firebase.js"
  },
  "1f7aab26-7998-4d22-8605-03cdd7cdaa90": {
    "asset": 1650359897991,
    "meta": 1650359909715,
    "relativePath": "scripts\\ai\\strategies\\Wanderer.ts"
  },
  "2a05f010-d942-4f40-8bab-25ec1ea7c812": {
    "asset": 1650359704830,
    "meta": 1650359909745,
    "relativePath": "scripts\\ai\\WanderAgent.ts"
  },
  "21872f3b-1cbb-4df9-b6a2-e3f0439c63a3": {
    "asset": 1650360717020,
    "meta": 1650360717133,
    "relativePath": "scripts\\ai\\firebase-debug.log"
  }
}