{
  "__type__": "cc.AnimationClip",
  "_name": "shoot",
  "_objFlags": 0,
  "_native": "",
  "_duration": 0.26666666666666666,
  "sample": 60,
  "speed": 1,
  "wrapMode": "1",
  "curveData": {
    "comps": {
      "cc.Sprite": {
        "spriteFrame": [
          {
            "frame": 0,
            "value": {
              "__uuid__": "8d1e8d2b-4ed4-46a1-843f-baecd949c652"
            }
          },
          {
            "frame": 0.05,
            "value": {
              "__uuid__": "dad0dee8-94d3-4896-9017-c1fabde29f30"
            }
          },
          {
            "frame": 0.25,
            "value": {
              "__uuid__": "8d1e8d2b-4ed4-46a1-843f-baecd949c652"
            }
          }
        ]
      }
    },
    "paths": {}
  },
  "events": [
    {
      "frame": 0.08333333333333333,
      "func": "createBullet",
      "params": []
    }
  ]
}