{
  "__type__": "cc.AnimationClip",
  "_name": "fall_front",
  "_objFlags": 0,
  "_native": "",
  "_duration": 0.35,
  "sample": 60,
  "speed": 1,
  "wrapMode": 2,
  "curveData": {
    "comps": {
      "cc.Sprite": {
        "spriteFrame": [
          {
            "frame": 0,
            "value": {
              "__uuid__": "56dec2f3-ef57-4555-9dd6-59255b35a53c"
            }
          },
          {
            "frame": 0.08333333333333333,
            "value": {
              "__uuid__": "eba41cf5-b6fd-412d-b65f-3c4aaa230853"
            }
          },
          {
            "frame": 0.16666666666666666,
            "value": {
              "__uuid__": "c74f9f6a-d677-403f-ae68-871545c82b6e"
            }
          },
          {
            "frame": 0.25,
            "value": {
              "__uuid__": "7287d4a9-f0ab-47af-a12f-9c6f67f19e00"
            }
          },
          {
            "frame": 0.3333333333333333,
            "value": {
              "__uuid__": "7287d4a9-f0ab-47af-a12f-9c6f67f19e00"
            }
          }
        ]
      }
    }
  },
  "events": []
}