{
  "version": "1.1.1",
  "windows": {
    "main": {
      "main": true,
      "url": "app://editor/index.html",
      "windowType": "dockable",
      "x": -3,
      "y": 91,
      "width": 1363,
      "height": 721,
      "layout": {
        "type": "dock-h",
        "children": [
          {
            "width": 204,
            "height": 607,
            "type": "dock-v",
            "children": [
              {
                "width": 204,
                "height": 300.5,
                "type": "panel",
                "active": 0,
                "children": [
                  "hierarchy"
                ]
              },
              {
                "width": 204,
                "height": 303.4921875,
                "type": "panel",
                "active": 0,
                "children": [
                  "assets"
                ]
              }
            ]
          },
          {
            "width": 753.9921875,
            "height": 607,
            "type": "dock-v",
            "children": [
              {
                "width": 753.9921875,
                "height": 303.4921875,
                "type": "dock-h",
                "children": [
                  {
                    "width": 486.9921875,
                    "height": 303.4921875,
                    "type": "panel",
                    "active": 0,
                    "children": [
                      "scene"
                    ]
                  },
                  {
                    "width": 264,
                    "height": 303.4921875,
                    "type": "panel",
                    "active": 0,
                    "children": [
                      "node-library"
                    ]
                  }
                ]
              },
              {
                "width": 753.9921875,
                "height": 300.5,
                "type": "panel",
                "active": 0,
                "children": [
                  "console",
                  "timeline",
                  "game-window"
                ]
              }
            ]
          },
          {
            "width": 304,
            "height": 607,
            "type": "panel",
            "active": 0,
            "children": [
              "inspector",
              "cocos-services"
            ]
          }
        ]
      },
      "panels": [
        "hierarchy",
        "assets",
        "scene",
        "node-library",
        "console",
        "timeline",
        "game-window",
        "inspector",
        "cocos-services"
      ]
    },
    "window-1650360621184": {}
  },
  "panels": {
    "builder": {
      "x": 663,
      "y": 69,
      "width": 514,
      "height": 737
    }
  },
  "panelLabelWidth": {}
}
