{
  "__type__": "cc.SpriteAtlas",
  "_name": "slime_green.plist",
  "_objFlags": 0,
  "_native": "",
  "_spriteFrames": {
    "slime_green (1)": {
      "__uuid__": "2726534b-8b83-4f09-8093-d1383f15a395"
    },
    "slime_green (10)": {
      "__uuid__": "7dc40a3e-2da0-4c7c-9347-9096bdde7fa5"
    },
    "slime_green (11)": {
      "__uuid__": "887b6059-f1fe-49e7-a56f-91cb72028149"
    },
    "slime_green (12)": {
      "__uuid__": "3bfc5c44-8758-4cea-a26c-4720c30cf349"
    },
    "slime_green (13)": {
      "__uuid__": "0a5245e7-d344-43a9-b656-ea53010afe3b"
    },
    "slime_green (14)": {
      "__uuid__": "c3e7ba50-3832-4061-bd2a-eba35c3d4564"
    },
    "slime_green (15)": {
      "__uuid__": "68ad22fd-8f2b-468b-8e59-b0c585d756df"
    },
    "slime_green (16)": {
      "__uuid__": "68332160-beed-4e76-be86-57dcc51af002"
    },
    "slime_green (17)": {
      "__uuid__": "506a3829-026c-4cb3-8893-ea12ac719265"
    },
    "slime_green (18)": {
      "__uuid__": "c5d8c2b2-7337-4b82-ae86-064611c6333c"
    },
    "slime_green (19)": {
      "__uuid__": "71c638d3-de74-4499-adda-6c3a050fb737"
    },
    "slime_green (2)": {
      "__uuid__": "a310bb9f-9918-4a6c-b191-09923aae5d5e"
    },
    "slime_green (20)": {
      "__uuid__": "1d6eadaa-3a2b-4e9e-bef1-3565fe1c856d"
    },
    "slime_green (21)": {
      "__uuid__": "30ce62e0-533a-4b6c-9002-02783f5f390a"
    },
    "slime_green (22)": {
      "__uuid__": "a8918078-4a0e-4111-87c4-27bc6c0cbfff"
    },
    "slime_green (23)": {
      "__uuid__": "267bf524-e9ea-449a-bad6-b1625f214e5a"
    },
    "slime_green (24)": {
      "__uuid__": "4ce21960-ff82-46e1-b683-9a2164a6b148"
    },
    "slime_green (25)": {
      "__uuid__": "a25ea21b-4fdf-4c1f-8943-6f52fcfcde64"
    },
    "slime_green (3)": {
      "__uuid__": "44c5cb9c-7aa0-4ea4-97fa-260f56452bd0"
    },
    "slime_green (4)": {
      "__uuid__": "55190f03-25d1-4756-bb8a-c70d33dd2ba4"
    },
    "slime_green (5)": {
      "__uuid__": "6834b87f-543b-40fb-89b5-eee99e3a8491"
    },
    "slime_green (6)": {
      "__uuid__": "2e7d2588-159b-4e95-9aef-75e85a94ae14"
    },
    "slime_green (7)": {
      "__uuid__": "1a6d3877-3d36-4fc8-8268-87ffdf629a4a"
    },
    "slime_green (8)": {
      "__uuid__": "621bc80b-1086-44d0-99c7-6fa888d69fc4"
    },
    "slime_green (9)": {
      "__uuid__": "2099bd07-7f48-46bb-9d31-99e73bd21da6"
    }
  }
}